,Name,Sale_Price,Actual_price,Discount_Price,Discount(%),Ratings,Rating_Counts,Review_Counts,Color,Brand_name,ROM,RAM
0,IAIR D23,1097,1099,2,0.18,4.3,42,12,Not Mentioned,IAIR, 32 MB ,32 MB  
1,IAIR D10,1161,1199,38,3.17,4.0,37,19,Not Mentioned,IAIR, 32 MB ,32 MB  
2,realme 9i ,11099,16999,5900,34.71,4.5,88001,4862,Prism Black,realme, 128 GB ,4 GB  
3,realme 9i ,11099,16999,5900,34.71,4.5,88001,4862,Prism Blue,realme, 128 GB ,4 GB  
4,realme C31 ,9999,11999,2000,16.67,4.4,35514,1799,Dark Green,realme, 64 GB ,4 GB  
5,realme C31 ,9299,10999,1700,15.46,4.6,36498,1375,Light Silver,realme, 32 GB ,3 GB  
6,realme C31 ,9299,10999,1700,15.46,4.6,36498,1375,Dark Green,realme, 32 GB ,3 GB  
7,IAIR D40,1319,1319,0,0.0,3.9,22,13,Not Mentioned,IAIR, 32 MB ,32 MB  
8,REDMI 10 ,8999,14999,6000,40.0,4.3,85856,5365,Midnight Black,REDMI, 64 GB ,4 GB  
9,APPLE iPhone 13 ,59990,69900,9910,14.18,4.7,79146,3488,Starlight,APPLE,Not Mentioned,128 GB 
10,IAIR D24,1128,1128,0,0.0,3.8,77,26,Not Mentioned,IAIR, 32 MB ,32 MB  
11,IAIR D41,1319,1319,0,0.0,3.4,24,7,Not Mentioned,IAIR, 32 MB ,32 MB  
12,APPLE iPhone 11 ,41990,48900,6910,14.13,4.6,130995,8302,Black,APPLE,Not Mentioned,128 GB 
13,REDMI 10 ,8999,14999,6000,40.0,4.3,85856,5365,Pacific Blue,REDMI, 64 GB ,4 GB  
14,APPLE iPhone 11 ,41990,48900,6910,14.13,4.6,130995,8302,White,APPLE,Not Mentioned,128 GB 
15,APPLE iPhone 11 ,35990,43900,7910,18.02,4.6,130995,8302,White,APPLE,Not Mentioned,64 GB 
16,REDMI 10 ,8999,14999,6000,40.0,4.3,85856,5365,Caribbean Green,REDMI, 64 GB ,4 GB  
17,SAMSUNG Galaxy F13 ,9999,14999,5000,33.34,4.5,32129,1467,Waterfall Blue,SAMSUNG, 64 GB ,4 GB  
18,APPLE iPhone 13 ,59990,69900,9910,14.18,4.7,79146,3488,Green,APPLE,Not Mentioned,128 GB 
19,realme C31 ,9999,11999,2000,16.67,4.4,35514,1799,Light Silver,realme, 64 GB ,4 GB  
20,SAMSUNG Galaxy S21 FE 5G ,34999,74999,40000,53.33,4.4,10331,959,Olive,SAMSUNG, 128 GB ,8 GB  
21,SAMSUNG Galaxy F13 ,9999,14999,5000,33.34,4.5,32129,1467,Nightsky Green,SAMSUNG, 64 GB ,4 GB  
22,realme C33 ,9999,12999,3000,23.08,4.6,10716,325,Sandy Gold,realme, 64 GB ,4 GB  
23,realme C33 ,8999,11999,3000,25.0,4.5,2138,79,Aqua Blue,realme, 32 GB ,3 GB  
24,vivo T1 44W ,14499,19990,5491,27.47,4.4,40299,3264,Midnight Galaxy,vivo, 128 GB ,4 GB  
25,vivo T1 44W ,14499,19990,5491,27.47,4.4,40299,3264,Starry Sky,vivo, 128 GB ,4 GB  
26,vivo T1 44W ,14499,19990,5491,27.47,4.4,40299,3264,Ice Dawn,vivo, 128 GB ,4 GB  
27,realme 9 Pro 5G ,16599,21999,5400,24.55,4.4,53096,4739,Sunrise Blue,realme, 128 GB ,6 GB  
28,POCO C31 ,7499,10999,3500,31.82,4.4,95464,5962,Royal Blue,POCO, 32 GB ,3 GB  
29,SAMSUNG Galaxy F13 ,9999,14999,5000,33.34,4.5,32129,1467,Sunrise Copper,SAMSUNG, 64 GB ,4 GB  
30,POCO C31 ,7999,11999,4000,33.34,4.3,120727,7524,Royal Blue,POCO, 64 GB ,4 GB  
31,vivo T1 5G ,15990,19990,4000,20.01,4.3,40695,3580,Rainbow Fantasy,vivo, 128 GB ,4 GB  
32,vivo T1 5G ,16990,20990,4000,19.06,4.3,108935,9771,Rainbow Fantasy,vivo, 128 GB ,6 GB  
33,Infinix Hot 12 ,8499,12999,4500,34.62,4.3,2761,168,Turquoise Cyan,Infinix, 64 GB ,4 GB  
34,Infinix Hot 12 ,8499,12999,4500,34.62,4.3,2761,168,Exploratory Blue,Infinix, 64 GB ,4 GB  
35,vivo T1X ,11999,16990,4991,29.38,4.5,35020,1870,Space Blue,vivo, 64 GB ,4 GB  
36,realme C30 ,6999,8499,1500,17.65,4.4,28155,1144,Bamboo Green,realme, 32 GB ,2 GB  
37,realme C30 ,6999,8499,1500,17.65,4.4,28155,1144,Denim Black,realme, 32 GB ,2 GB  
38,realme C30 ,6999,8499,1500,17.65,4.4,28155,1144,Lake Blue,realme, 32 GB ,2 GB  
39,Infinix Hot 12 ,8499,12999,4500,34.62,4.3,2761,168,Polar Black,Infinix, 64 GB ,4 GB  
40,Nokia 105 SS,1299,1599,300,18.76,4.1,8478,616,Not Mentioned,Nokia, 32 MB ,32 MB  
41,SAMSUNG Galaxy F23 5G ,13999,23999,10000,41.67,4.2,72649,6129,Aqua Blue,SAMSUNG, 128 GB ,6 GB  
42,realme 9 5G ,15099,20999,5900,28.1,4.5,24793,1503,Supersonic Blue,realme, 128 GB ,6 GB  
43,realme 9 5G ,15999,18999,3000,15.79,4.5,29313,1573,Meteor Black,realme, 64 GB ,4 GB  
44,realme 9 5G ,15999,18999,3000,15.79,4.5,29313,1573,Stargaze White,realme, 64 GB ,4 GB  
45,APPLE iPhone 11 ,35990,43900,7910,18.02,4.6,131042,8307,Purple,APPLE,Not Mentioned,64 GB 
46,realme 9 5G ,15999,18999,3000,15.79,4.5,29313,1573,Supersonic Blue,realme, 64 GB ,4 GB  
47,vivo T1 44W ,15999,20990,4991,23.78,4.4,23321,1966,Starry Sky,vivo, 128 GB ,6 GB  
48,vivo T1 44W ,15999,20990,4991,23.78,4.4,23321,1966,Ice Dawn,vivo, 128 GB ,6 GB  
49,vivo T1X ,11999,16990,4991,29.38,4.5,35020,1870,Gravity Black,vivo, 64 GB ,4 GB  
50,POCO C31 ,7499,10999,3500,31.82,4.4,95464,5962,Shadow Gray,POCO, 32 GB ,3 GB  
51,realme 9 5G ,15099,20999,5900,28.1,4.5,24793,1503,Stargaze White,realme, 128 GB ,6 GB  
52,realme 9 5G ,15999,18999,3000,15.79,4.5,29313,1573,Supersonic Black,realme, 64 GB ,4 GB  
53,realme 9 5G ,15099,20999,5900,28.1,4.5,24793,1503,Meteor Black,realme, 128 GB ,6 GB  
54,POCO M4 Pro ,11249,17999,6750,37.5,4.3,73062,6752,Cool Blue,POCO, 64 GB ,6 GB  
55,realme 9 Pro 5G ,16599,21999,5400,24.55,4.4,53096,4739,Aurora Green,realme, 128 GB ,6 GB  
56,realme 9 Pro 5G ,18599,23999,5400,22.5,4.3,9353,753,Sunrise Blue,realme, 128 GB ,8 GB  
57,APPLE iPhone 13 ,59990,69900,9910,14.18,4.7,98089,4870,Midnight,APPLE,Not Mentioned,128 GB 
58,APPLE iPhone 11 ,35990,43900,7910,18.02,4.6,131042,8307,Black,APPLE,Not Mentioned,64 GB 
59,POCO C31 ,7999,11999,4000,33.34,4.3,120727,7524,Shadow Gray,POCO, 64 GB ,4 GB  
60,Infinix Smart 6 HD ,5999,8999,3000,33.34,4.5,3994,151,Aqua Sky,Infinix, 32 GB ,2 GB  
61,Infinix Smart 6 HD ,5999,8999,3000,33.34,4.5,3994,151,Origin Blue,Infinix, 32 GB ,2 GB  
62,vivo T1X ,12999,17990,4991,27.74,4.5,35020,1870,Gravity Black,vivo, 128 GB ,4 GB  
63,vivo T1X ,12999,17990,4991,27.74,4.5,35020,1870,Space Blue,vivo, 128 GB ,4 GB  
64,realme C30 ,7299,9299,2000,21.51,4.2,6891,388,Denim Black,realme, 32 GB ,3 GB  
65,realme Narzo 50 ,10999,15999,5000,31.25,4.5,11372,669,Speed Black,realme, 64 GB ,4 GB  
66,realme Narzo 50 ,12749,17999,5250,29.17,4.4,2645,178,Speed Black,realme, 128 GB ,6 GB  
67,POCO M4 Pro ,12249,19999,7750,38.75,4.3,73062,6752,Cool Blue,POCO, 128 GB ,6 GB  
68,REDMI Note 11 SE ,12029,16999,4970,29.24,4.3,5444,242,Bifrost Blue,REDMI, 64 GB ,6 GB  
69,realme C35 ,11999,13999,2000,14.29,4.4,117604,7558,Glowing Green,realme, 64 GB ,4 GB  
70,realme C35 ,11999,13999,2000,14.29,4.4,117604,7558,Glowing Black,realme, 64 GB ,4 GB  
71,REDMI Note 11 SE ,12029,16999,4970,29.24,4.3,5444,242,Space Black,REDMI, 64 GB ,6 GB  
72,vivo T1 5G ,16990,20990,4000,19.06,4.3,103888,9457,Silky White,vivo, 128 GB ,6 GB  
73,vivo T1 5G ,16990,20990,4000,19.06,4.3,103888,9457,Starlight Black,vivo, 128 GB ,6 GB  
74,realme C35 ,11999,13999,2000,14.29,4.4,110578,7307,Glowing Black,realme, 64 GB ,4 GB  
75,realme C35 ,11999,13999,2000,14.29,4.4,110578,7307,Glowing Green,realme, 64 GB ,4 GB  
76,REDMI Note 11 SE ,12029,16999,4970,29.24,4.3,5346,246,Space Black,REDMI, 64 GB ,6 GB  
77,POCO M4 Pro ,12249,19999,7750,38.75,4.3,60532,5716,Power Black,POCO, 128 GB ,6 GB  
78,IAIR D22,1120,1120,0,0.0,4.1,15,7,Not Mentioned,IAIR, 32 MB ,32 MB  
79,APPLE iPhone 13 ,59990,69900,9910,14.18,4.7,79146,3488,,APPLE,Not Mentioned,128 GB 
80,OPPO K10 5G ,16499,20999,4500,21.43,4.5,6249,399,Midnight Black,OPPO, 128 GB ,6 GB  
81,OPPO K10 5G ,15999,25999,10000,38.46,4.5,24227,1861,Ocean Blue,OPPO, 128 GB ,8 GB  
82,OPPO K10 5G ,16499,20999,4500,21.43,4.5,6249,399,Ocean Blue,OPPO, 128 GB ,6 GB  
83,realme 9 5G ,15099,20999,5900,28.1,4.5,21789,1311,Supersonic Black,realme, 128 GB ,6 GB  
84,POCO M4 Pro ,11249,17999,6750,37.5,4.3,60532,5716,Power Black,POCO, 64 GB ,6 GB  
85,realme Narzo 50 ,10999,15999,5000,31.25,4.5,11372,669,Speed Blue,realme, 64 GB ,4 GB  
86,vivo T1 44W ,15999,20990,4991,23.78,4.4,23321,1966,Midnight Galaxy,vivo, 128 GB ,6 GB  
87,realme Narzo 50 ,12749,17999,5250,29.17,4.4,2645,178,Speed Blue,realme, 128 GB ,6 GB  
88,REDMI 9i Sport ,8499,9999,1500,15.0,4.4,150640,8552,Metallic Blue,REDMI, 64 GB ,4 GB  
89,POCO M4 Pro ,11249,17999,6750,37.5,4.3,60532,5716,Yellow,POCO, 64 GB ,6 GB  
90,MOTOROLA g31 ,11999,16999,5000,29.41,4.1,8049,965,Meteorite Grey,MOTOROLA, 128 GB ,6 GB  
91,realme 9 Pro 5G ,18599,23999,5400,22.5,4.3,8305,688,Aurora Green,realme, 128 GB ,8 GB  
92,Micromax X746,999,2499,1500,60.02,4.0,16353,1814,Not Mentioned,Micromax, 32 MB ,32 MB  
93,APPLE iPhone 11 ,35990,43900,7910,18.02,4.6,131081,8323,Red,APPLE,Not Mentioned,64 GB 
94,Infinix Hot 12 Pro ,11499,15999,4500,28.13,3.9,1937,175,Racing Black,Infinix, 128 GB ,8 GB  
95,REDMI 9i Sport ,8499,9999,1500,15.0,4.4,150640,8552,Coral Green,REDMI, 64 GB ,4 GB  
96,APPLE iPhone 12 Mini ,39990,59900,19910,33.24,4.5,109474,8759,Blue,APPLE,Not Mentioned,64 GB 
97,vivo T1 5G ,19990,23990,4000,16.67,4.3,10261,948,Rainbow Fantasy,vivo, 128 GB ,8 GB  
98,vivo T1 5G ,19990,23990,4000,16.67,4.3,10261,948,Starlight Black,vivo, 128 GB ,8 GB  
99,vivo T1X ,14999,18990,3991,21.02,4.4,1428,91,Space Blue,vivo, 128 GB ,6 GB  
100,LAVA A1 Josh 2021,1055,1249,194,15.53,4.1,5773,505,Not Mentioned,LAVA,Not Mentioned,0 MB 
101,Realme C30 - Locked with Airtel Prepaid ,6399,8499,2100,24.71,4.4,22824,900,Lake Blue,Realme, 32 GB ,2 GB  
102,realme C30 ,7299,9299,2000,21.51,4.2,3864,274,Bamboo Green,realme, 32 GB ,3 GB  
103,realme C30 ,7299,9299,2000,21.51,4.2,3864,274,Lake Blue,realme, 32 GB ,3 GB  
104,Infinix Note 12 ,9999,15999,6000,37.5,4.3,12076,1231,Jewel Blue,Infinix, 64 GB ,4 GB  
105,Infinix Note 12 ,9999,15999,6000,37.5,4.3,12076,1231,Force Black,Infinix, 64 GB ,4 GB  
106,APPLE iPhone 11 ,40990,48900,7910,16.18,4.6,131081,8323,Red,APPLE,Not Mentioned,128 GB 
107,SAMSUNG Galaxy F23 5G ,13999,23999,10000,41.67,4.2,72649,6129,Copper Blush,SAMSUNG, 128 GB ,6 GB  
108,realme C35 ,12999,14999,2000,13.33,4.4,117604,7558,Glowing Black,realme, 128 GB ,4 GB  
109,LAVA A3,1212,1319,107,8.11,4.2,25367,2658,Not Mentioned,LAVA, 3 MB ,4 MB  
110,MOTOROLA G60 ,14999,21999,7000,31.82,4.2,119050,12075,Moonless,MOTOROLA, 128 GB ,6 GB  
111,realme 9 ,15099,20999,5900,28.1,4.4,35223,2477,Meteor Black,realme, 128 GB ,6 GB  
112,realme 9 ,15999,22999,7000,30.44,4.4,11760,884,Sunburst Gold,realme, 128 GB ,8 GB  
113,MOTOROLA G51 5G ,12249,17999,5750,31.95,4.1,11803,1525,Indigo Blue,MOTOROLA, 64 GB ,4 GB  
114,REDMI 10A ,8743,8743,0,0.0,4.1,2579,184,Slate grey,REDMI, 64 GB ,4 GB  
115,realme 9 5G SE ,18499,26999,8500,31.48,4.3,1093,107,Azure Glow,realme, 128 GB ,8 GB  
116,realme 9 5G SE ,16499,24999,8500,34.0,4.4,11267,1015,Azure Glow,realme, 128 GB ,6 GB  
117,realme 9 5G SE ,16499,24999,8500,34.0,4.4,11267,1015,Starry Glow,realme, 128 GB ,6 GB  
118,REDMI 9 Activ ,8366,9598,1232,12.84,4.2,5067,371,Carbon Black,REDMI, 64 GB ,4 GB  
119,REDMI 10A ,8573,8573,0,0.0,4.1,2579,184,Sea Blue,REDMI, 64 GB ,4 GB  
120,Infinix Smart 6 HD ,5999,8999,3000,33.34,4.5,3994,151,Force Black,Infinix, 32 GB ,2 GB  
121,SAMSUNG Galaxy F23 5G ,12999,22999,10000,43.48,4.2,14236,1166,Aqua Blue,SAMSUNG, 128 GB ,4 GB  
122,Infinix Smart 6 ,6499,8999,2500,27.78,4.4,17038,1161,Starry Purple,Infinix, 64 GB ,2 GB  
123,Infinix Smart 6 ,6499,8999,2500,27.78,4.4,17038,1161,Heart Of Ocean,Infinix, 64 GB ,2 GB  
124,REDMI 10A ,8944,9999,1055,10.55,4.1,2839,204,Sea Blue,REDMI, 64 GB ,4 GB  
125,REDMI 9i Sport ,8499,9999,1500,15.0,4.4,156307,8866,Carbon Black,REDMI, 64 GB ,4 GB  
126,SAMSUNG Galaxy F23 5G ,13999,23999,10000,41.67,4.2,72649,6129,Forest Green,SAMSUNG, 128 GB ,6 GB  
127,Infinix HOT 12 Play ,8199,11999,3800,31.67,4.3,72812,5603,Horizon Blue,Infinix, 64 GB ,4 GB  
128,OPPO K10 ,13990,18999,5009,26.36,4.5,60076,4606,Blue Flame,OPPO, 128 GB ,6 GB  
129,OPPO K10 ,13990,18999,5009,26.36,4.5,60076,4606,Black Carbon,OPPO, 128 GB ,6 GB  
130,SAMSUNG Galaxy S21 FE 5G ,34999,74999,40000,53.33,4.4,10434,961,Graphite,SAMSUNG, 128 GB ,8 GB  
131,realme 9 Pro 5G ,18599,23999,5400,22.5,4.3,9353,753,Midnight Black,realme, 128 GB ,8 GB  
132,POCO M4 5G ,11499,15999,4500,28.13,4.2,24244,2012,Power Black,POCO, 64 GB ,4 GB  
133,REDMI 9i ,8999,9999,1000,10.0,4.3,571532,33897,Midnight Black,REDMI, 64 GB ,4 GB  
134,LAVA GEM,1680,1849,169,9.14,4.2,28301,3059,Not Mentioned,LAVA,Not Mentioned,0 MB 
135,Xiaomi 11i Hypercharge 5G ,24999,31999,7000,21.88,4.2,6912,784,Pacific Pearl,Xiaomi, 128 GB ,6 GB  
136,MOTOROLA g31 ,11999,16999,5000,29.41,4.1,8049,965,Baby Blue,MOTOROLA, 128 GB ,6 GB  
137,vivo T1X ,14999,18990,3991,21.02,4.4,1689,100,Gravity Black,vivo, 128 GB ,6 GB  
138,MOTOROLA G40 Fusion ,13499,19999,6500,32.5,4.2,51745,5670,Frosted Champagne,MOTOROLA, 128 GB ,6 GB  
139,REDMI Note 11 SE ,12029,16999,4970,29.24,4.3,5444,249,Thunder Purple,REDMI, 64 GB ,6 GB  
140,vivo T1 44W ,17999,23990,5991,24.97,4.3,3111,275,Starry Sky,vivo, 128 GB ,8 GB  
141,POCO M4 5G ,11499,15999,4500,28.13,4.2,24244,2012,Cool Blue,POCO, 64 GB ,4 GB  
142,vivo T1 44W ,17999,23990,5991,24.97,4.3,3111,275,Midnight Galaxy,vivo, 128 GB ,8 GB  
143,POCO M4 5G ,13499,18999,5500,28.95,4.1,12876,1079,Cool Blue,POCO, 128 GB ,6 GB  
144,SAMSUNG Galaxy F23 5G ,12999,22999,10000,43.48,4.2,14236,1170,Forest Green,SAMSUNG, 128 GB ,4 GB  
145,APPLE iPhone 13 ,59990,69900,9910,14.18,4.7,98089,4870,Blue,APPLE,Not Mentioned,128 GB 
146,MOTOROLA g31 ,10499,13999,3500,25.0,4.2,25743,3083,Baby Blue,MOTOROLA, 64 GB ,4 GB  
147,Realme C30 - Locked with Airtel Prepaid ,6399,8499,2100,24.71,4.4,28155,1144,Denim Black,Realme, 32 GB ,2 GB  
148,Infinix Smart 6 ,6499,8999,2500,27.78,4.4,17038,1161,Polar Black,Infinix, 64 GB ,2 GB  
149,MOTOROLA g52 ,13999,19999,6000,30.0,4.1,8907,1174,Metallic White,MOTOROLA, 128 GB ,6 GB  
150,Infinix HOT 12 Play ,8199,11999,3800,31.67,4.3,72812,5639,Daylight Green,Infinix, 64 GB ,4 GB  
151,Infinix HOT 12 Play ,8199,11999,3800,31.67,4.3,72812,5639,Racing Black,Infinix, 64 GB ,4 GB  
152,SAMSUNG S20 FE 5G ,29987,29987,0,0.0,4.2,2519,306,Cloud Navy,SAMSUNG, 128 GB ,8 GB  
153,Infinix HOT 12 Play ,8199,11999,3800,31.67,4.3,72812,5639,Champagne Gold,Infinix, 64 GB ,4 GB  
154,OPPO F19 ,14490,20990,6500,30.97,4.3,12944,978,Prism Black,OPPO, 128 GB ,6 GB  
155,OPPO F19 ,14490,20990,6500,30.97,4.3,12944,978,Midnight Blue,OPPO, 128 GB ,6 GB  
156,SAMSUNG Galaxy F13 ,10999,16999,6000,35.3,4.5,32129,1467,Waterfall Blue,SAMSUNG, 128 GB ,4 GB  
157,realme 9i 5G ,14999,17999,3000,16.67,4.6,11108,346,Metallica Gold,realme, 64 GB ,4 GB  
158,POCO X4 Pro 5G ,16999,23999,7000,29.17,4.1,29441,3012,Laser Black,POCO, 128 GB ,6 GB  
159,MOTOROLA g31 ,10499,13999,3500,25.0,4.2,25743,3073,Meteorite Grey,MOTOROLA, 64 GB ,4 GB  
160,SAMSUNG Galaxy M32 ,13881,15998,2117,13.23,4.2,3385,307,Light Blue,SAMSUNG, 128 GB ,6 GB  
161,SAMSUNG Galaxy M33 5G ,17988,17988,0,0.0,4.3,119,8,Deep Ocean Blue,SAMSUNG, 128 GB ,8 GB  
162,REDMI Note 11 SE ,12029,16999,4970,29.24,4.3,5346,246,Cosmic White,REDMI, 64 GB ,6 GB  
163,POCO M4 Pro 5G ,14999,19999,5000,25.0,4.2,25191,2399,Cool Blue,POCO, 128 GB ,6 GB  
164,REDMI 9 Activ ,10499,12999,2500,19.23,4.2,3021,199,Metallic Purple,REDMI, 128 GB ,6 GB  
165,SAMSUNG GALAXY M13 ,10487,10487,0,0.0,4.2,166,10,Midnight Blue,SAMSUNG, 64 GB ,4 GB  
166,realme 9 ,15999,22999,7000,30.44,4.4,10747,811,Stargaze White,realme, 128 GB ,8 GB  
167,realme 9 ,15999,22999,7000,30.44,4.4,10747,811,Meteor Black,realme, 128 GB ,8 GB  
168,POCO M4 Pro 5G ,12999,16999,4000,23.53,4.3,19493,1798,Cool Blue,POCO, 64 GB ,4 GB  
169,POCO M4 Pro 5G ,14999,19999,5000,25.0,4.2,25191,2399,Power Black,POCO, 128 GB ,6 GB  
170,POCO M4 5G ,11499,15999,4500,28.13,4.2,24244,2012,Yellow,POCO, 64 GB ,4 GB  
171,realme C35 ,13999,15999,2000,12.5,4.2,5165,353,Glowing Green,realme, 128 GB ,6 GB  
172,realme C35 ,12999,14999,2000,13.33,4.4,117604,7558,Glowing Green,realme, 128 GB ,4 GB  
173,POCO M4 Pro 5G ,12999,16999,4000,23.53,4.3,19493,1798,Power Black,POCO, 64 GB ,4 GB  
174,Redmi 9A Sport ,7972,8060,88,1.09,4.2,4954,390,Carbon Black,Redmi, 32 GB ,3 GB  
175,Redmi 9A Sport ,8199,8199,0,0.0,4.2,4954,390,Metallic Blue,Redmi, 32 GB ,3 GB  
176,MOTOROLA G60 ,14999,21999,7000,31.82,4.2,119050,12075,Soft Silver,MOTOROLA, 128 GB ,6 GB  
177,REDMI Note 10T 5G ,14999,18999,4000,21.05,4.2,25214,1927,Mint Green,REDMI, 128 GB ,6 GB  
178,APPLE iPhone 12 Mini ,39990,59900,19910,33.24,4.5,109438,8753,Black,APPLE,Not Mentioned,64 GB 
179,SAMSUNG Galaxy M33 5G ,15609,15609,0,0.0,4.2,3712,372,Deep Ocean Blue,SAMSUNG, 128 GB ,6 GB  
180,SAMSUNG Galaxy F22 ,13499,16999,3500,20.59,4.3,57237,5397,Denim Black,SAMSUNG, 128 GB ,6 GB  
181,SAMSUNG Galaxy F13 ,10999,16999,6000,35.3,4.5,32129,1467,Nightsky Green,SAMSUNG, 128 GB ,4 GB  
182,SAMSUNG Galaxy F12 ,10499,12999,2500,19.23,4.3,292552,23312,Sky Blue,SAMSUNG, 64 GB ,4 GB  
183,REDMI Note 10T 5G ,12999,16999,4000,23.53,4.3,38605,2735,Mint Green,REDMI, 64 GB ,4 GB  
184,SAMSUNG Galaxy M33 5G ,15264,15264,0,0.0,4.2,3712,372,Mystique Green,SAMSUNG, 128 GB ,6 GB  
185,REDMI Note 10T 5G ,14999,18999,4000,21.05,4.2,25214,1927,Chromium White,REDMI, 128 GB ,6 GB  
186,APPLE iPhone 12 Mini ,39990,59900,19910,33.24,4.5,109438,8753,White,APPLE,Not Mentioned,64 GB 
187,SAMSUNG Galaxy F13 ,10999,16999,6000,35.3,4.5,32129,1467,Sunrise Copper,SAMSUNG, 128 GB ,4 GB  
188,realme GT Neo 3T ,29999,34999,5000,14.29,4.4,3061,345,Shade Black,realme, 128 GB ,6 GB  
189,realme GT Neo 3T ,33999,38999,5000,12.82,4.3,1440,162,Dash Yellow,realme, 256 GB ,8 GB  
190,realme GT Neo 3T ,31999,36999,5000,13.51,4.3,1440,162,Drifting White,realme, 128 GB ,8 GB  
191,realme GT Neo 3T ,33999,38999,5000,12.82,4.3,1440,162,Drifting White,realme, 256 GB ,8 GB  
192,realme GT Neo 3T ,33999,38999,5000,12.82,4.3,1440,162,Shade Black,realme, 256 GB ,8 GB  
193,realme GT Neo 3T ,29999,34999,5000,14.29,4.4,3061,345,Drifting White,realme, 128 GB ,6 GB  
194,realme GT Neo 3T ,31999,36999,5000,13.51,4.3,1440,162,Shade Black,realme, 128 GB ,8 GB  
195,realme 9 5G SE ,18499,26999,8500,31.48,4.3,1093,107,Starry Glow,realme, 128 GB ,8 GB  
196,realme GT Neo 3T ,31999,36999,5000,13.51,4.3,1440,162,Dash Yellow,realme, 128 GB ,8 GB  
197,realme GT Neo 3T ,29999,34999,5000,14.29,4.4,3061,345,Dash Yellow,realme, 128 GB ,6 GB  
198,Infinix Note 12 ,11499,17999,6500,36.11,4.2,6945,706,Force Black,Infinix, 128 GB ,6 GB  
199,Infinix Note 12 ,11499,17999,6500,36.11,4.2,6945,706,Jewel Blue,Infinix, 128 GB ,6 GB  
200,MarQ by Flipkart M70 Shakti,899,1599,700,43.78,3.8,690,123,Not Mentioned,MarQ, 32 MB ,32 MB  
201,REDMI Note 11T 5G ,16950,20499,3549,17.31,4.2,1633,156,Matte black,REDMI, 128 GB ,8 GB  
202,REDMI Note 11T 5G ,15823,15839,16,0.1,4.2,3861,319,Stardust White,REDMI, 128 GB ,6 GB  
203,REDMI Note 11T 5G ,16972,16972,0,0.0,4.2,1633,156,Aquamarine Blue,REDMI, 128 GB ,8 GB  
204,MOTOROLA G40 Fusion ,13499,19999,6500,32.5,4.2,51745,5665,Dynamic Gray,MOTOROLA, 128 GB ,6 GB  
205,Redmi 9A Sport ,7982,8080,98,1.21,4.2,4954,390,Coral Green,Redmi, 32 GB ,3 GB  
206,OPPO F19s ,19990,22990,3000,13.05,4.4,3938,291,Glowing Gold,OPPO, 128 GB ,6 GB  
207,REDMI Note 10T 5G ,12999,16999,4000,23.53,4.3,38605,2735,Metallic Blue,REDMI, 64 GB ,4 GB  
208,REDMI Note 10 Pro Max ,17999,22999,5000,21.74,4.3,13170,957,Dark Night,REDMI, 128 GB ,6 GB  
209,Infinix Smart 6 Plus ,7499,9999,2500,25.0,4.3,3756,292,Tranquil Sea Blue,Infinix, 64 GB ,3 GB  
210,Infinix Smart 6 Plus ,7499,9999,2500,25.0,4.3,3756,292,Crystal Violet,Infinix, 64 GB ,3 GB  
211,vivo Y53s ,15490,22990,7500,32.62,4.3,15683,1338,Deep Sea Blue,vivo, 128 GB ,8 GB  
212,POCO M4 Pro 5G ,14999,19999,5000,25.0,4.2,26265,2457,Yellow,POCO, 128 GB ,6 GB  
213,SAMSUNG GT-E1215,1633,1633,0,0.0,4.3,52461,4467,Not Mentioned,SAMSUNG,Not Mentioned,NA 
214,SAMSUNG GALAXY M13 ,10341,10341,0,0.0,4.2,166,10,Aqua Green,SAMSUNG, 64 GB ,4 GB  
215,vivo V25 Pro 5G ,35999,39999,4000,10.0,4.4,2252,312,Sailing Blue,vivo, 128 GB ,8 GB  
216,Motorola a10,1630,1630,0,0.0,4.1,3671,455,Not Mentioned,Motorola,Not Mentioned,0 MB 
217,SAMSUNG GT-E1215ZKAINS,1299,1410,111,7.87,4.3,61977,5313,Not Mentioned,SAMSUNG,Not Mentioned,NA 
218,Nokia 150 TA-1235 DS,2799,2799,0,0.0,4.1,10992,822,Not Mentioned,Nokia, 4 MB ,4 MB  
219,Infinix Hot 12 Pro ,9499,13999,4500,32.15,4.3,1543,81,Lightsaber Green,Infinix, 64 GB ,6 GB  
220,IKall Z12 PRO ,6899,6899,0,0.0,0.0,0,0,SKY colored,IKall, 64 GB ,4 GB  
221,POCO M4 5G ,13499,18999,5500,28.95,4.1,11711,1000,Power Black,POCO, 128 GB ,6 GB  
222,Infinix Zero 5G ,14999,24999,10000,40.0,4.2,4838,862,Cosmic Black,Infinix, 128 GB ,8 GB  
223,POCO X4 Pro 5G ,16999,23999,7000,29.17,4.1,29441,3012,Yellow,POCO, 128 GB ,6 GB  
224,realme 9i 5G ,14999,17999,3000,16.67,4.6,11108,346,Rocking Black,realme, 64 GB ,4 GB  
225,realme 9i 5G ,16999,19999,3000,15.0,4.3,1492,100,Soulful Blue,realme, 128 GB ,6 GB  
226,realme 9i 5G ,16999,19999,3000,15.0,4.3,1492,100,Metallica Gold,realme, 128 GB ,6 GB  
227,realme 9i 5G ,14999,17999,3000,16.67,4.6,11108,346,Soulful Blue,realme, 64 GB ,4 GB  
228,MOTOROLA G32 ,10999,16999,6000,35.3,4.2,2684,253,Mineral Gray,MOTOROLA, 64 GB ,4 GB  
229,MOTOROLA G32 ,10999,16999,6000,35.3,4.2,2684,253,Satin Silver,MOTOROLA, 64 GB ,4 GB  
230,REDMI 9 Activ ,10499,12999,2500,19.23,4.2,3021,199,Coral Green,REDMI, 128 GB ,6 GB  
231,Nokia 105 TA-1416 DS,1599,1599,0,0.0,4.1,2494,175,Not Mentioned,Nokia, 32 MB ,32 MB  
232,Good One G5605,899,899,0,0.0,3.9,1666,281,Not Mentioned,Good, 32 MB ,32 MB  
233,Redmi 9A Sport ,6655,6979,324,4.64,4.2,18830,1449,Carbon Black,Redmi, 32 GB ,2 GB  
234,Redmi 9A Sport ,6639,6899,260,3.77,4.2,18830,1449,Metallic Blue,Redmi, 32 GB ,2 GB  
235,LAVA A3 Power,1599,1599,0,0.0,4.1,2514,264,Not Mentioned,LAVA, 24 MB ,32 MB  
236,LAVA A3 Power,1299,1499,200,13.34,4.1,1074,111,Not Mentioned,LAVA,Not Mentioned,0 GB 
237,OPPO F19s ,19990,22990,3000,13.05,4.4,3938,291,Glowing Black,OPPO, 128 GB ,6 GB  
238,SAMSUNG Galaxy F22 ,11499,14999,3500,23.33,4.3,91176,8872,Denim Blue,SAMSUNG, 64 GB ,4 GB  
239,Moto G71 5G ,16999,22999,6000,26.09,4.2,15722,1908,Arctic Blue,Moto, 128 GB ,6 GB  
240,LAVA A1 Super 2021,1199,1340,141,10.52,4.1,1597,124,Not Mentioned,LAVA, 24 MB ,32 MB  
241,SAMSUNG GALAXY M13 ,10426,10426,0,0.0,4.2,166,10,Stardust Brown,SAMSUNG, 64 GB ,4 GB  
242,Infinix Note 11 ,9999,14999,5000,33.34,4.3,35951,4374,Graphite Black,Infinix, 64 GB ,4 GB  
243,Infinix Note 11 ,9999,14999,5000,33.34,4.3,35951,4374,Glacier Green,Infinix, 64 GB ,4 GB  
244,Itel Magic2 4G ,2387,2599,212,8.16,4.0,15278,2322,WiFi,Itel, 128 MB ,64 MB  
245,POCO X4 Pro 5G ,15499,22999,7500,32.61,4.1,33028,3308,Laser Blue,POCO, 64 GB ,6 GB  
246,REDMI Note 11T 5G ,16990,16990,0,0.0,4.2,3861,319,Stardust White,REDMI, 64 GB ,6 GB  
247,POCO M4 Pro ,14249,21999,7750,35.23,4.2,7005,667,Cool Blue,POCO, 128 GB ,8 GB  
248,Micromax X378,1499,1499,0,0.0,3.9,12168,1033,Not Mentioned,Micromax, 32 MB ,32 MB  
249,SAMSUNG Galaxy F22 ,11499,14999,3500,23.33,4.3,91176,8872,Denim Black,SAMSUNG, 64 GB ,4 GB  
250,POCO M4 Pro ,14249,21999,7750,35.23,4.2,7005,667,Power Black,POCO, 128 GB ,8 GB  
251,REDMI 10A SPORT ,10840,10840,0,0.0,4.0,101,4,SLATE GREY,REDMI, 128 GB ,6 GB  
252,Redmi Note 11 ,13649,14999,1350,9.0,4.2,6373,539,Horizon Blue,Redmi, 64 GB ,6 GB  
253,OPPO F19 Pro+ 5G ,17990,29990,12000,40.01,4.3,11976,1252,Space Silver,OPPO, 128 GB ,8 GB  
254,REDMI 10A ,8699,8699,0,0.0,4.1,2579,184,Charcoal Black,REDMI, 64 GB ,4 GB  
255,Nokia 125 DS 2020,2399,2399,0,0.0,3.9,5439,376,Not Mentioned,Nokia, 4 MB ,4 MB  
256,MOTOROLA G62 5G ,15999,21999,6000,27.27,4.1,1151,110,Midnight Gray,MOTOROLA, 128 GB ,6 GB  
257,Realme C30 - Locked with Airtel Prepaid ,6699,9299,2600,27.96,4.2,6652,384,Lake Blue,Realme, 32 GB ,3 GB  
258,POCO F4 5G ,25499,34999,9500,27.14,4.3,2525,384,Night Black,POCO, 128 GB ,8 GB  
259,LAVA Gem,1849,1849,0,0.0,4.2,7220,647,Not Mentioned,LAVA, 32 MB ,32 MB  
260,SAMSUNG Galaxy F12 ,10499,12999,2500,19.23,4.3,292552,23312,Sea Green,SAMSUNG, 64 GB ,4 GB  
261,POCO X4 Pro 5G ,15499,22999,7500,32.61,4.1,33028,3308,Laser Black,POCO, 64 GB ,6 GB  
262,REDMI 10 ,12499,16999,4500,26.47,4.2,15301,1178,Caribbean Green,REDMI, 128 GB ,6 GB  
263,Micromax X748,999,2499,1500,60.02,4.1,2126,233,Not Mentioned,Micromax, 32 MB ,32 MB  
264,Infinix Smart 6 Plus ,7499,9999,2500,25.0,4.3,3756,292,Miracle Black,Infinix, 64 GB ,3 GB  
265,SAMSUNG GURU MUSIC 2,2120,2120,0,0.0,4.2,2341,195,Not Mentioned,SAMSUNG, 0 GB ,8 MB  
266,realme 9 Pro+ 5G ,27999,27999,0,0.0,4.4,23102,2768,Midnight Black,realme, 128 GB ,6 GB  
267,OPPO K10 ,15990,22999,7009,30.48,4.4,4106,349,Black Carbon,OPPO, 128 GB ,8 GB  
268,realme Narzo 30 5G ,16999,17999,1000,5.56,4.3,80872,7120,Racing Silver,realme, 128 GB ,6 GB  
269,realme Narzo 30 5G ,16999,17999,1000,5.56,4.3,80872,7120,Racing Blue,realme, 128 GB ,6 GB  
270,REDMI Note 11T 5G ,15897,15897,0,0.0,3.7,3,0,Matte black,REDMI, 128 GB ,6 GB  
271,MOTOROLA Edge 20 Fusion 5G ,18999,24999,6000,24.0,4.0,16773,2335,Electric Graphite,MOTOROLA, 128 GB ,6 GB  
272,SAMSUNG Galaxy M33 5G ,15569,15569,0,0.0,4.2,3437,360,Mystique Green,SAMSUNG, 128 GB ,6 GB  
273,realme 9i 5G ,16999,19999,3000,15.0,4.3,1492,100,Rocking Black,realme, 128 GB ,6 GB  
274,vivo Y15s ,9499,13990,4491,32.1,4.3,2511,199,Mystic Blue,vivo, 32 GB ,3 GB  
275,Good One 5026,999,999,0,0.0,4.2,266,46,Not Mentioned,Good, 32 MB ,32 MB  
276,Redmi Note 11 ,14990,14990,0,0.0,4.2,6373,539,Horizon Blue,Redmi, 64 GB ,6 GB  
277,REDMI Note 10T 5G ,12999,16999,4000,23.53,4.3,37750,2673,Graphite Black,REDMI, 64 GB ,4 GB  
278,Infinix Hot 12 Pro ,9499,13999,4500,32.15,4.3,1543,81,Electric Blue,Infinix, 64 GB ,6 GB  
279,REDMI 10 Prime 2022 ,11400,11400,0,0.0,4.2,1445,99,Bifrost Blue,REDMI, 64 GB ,4 GB  
280,realme C11 2021 ,7499,7999,500,6.25,4.4,227471,9969,Cool Blue,realme, 32 GB ,2 GB  
281,realme C11 2021 ,7499,7999,500,6.25,4.4,227471,9969,Cool Grey,realme, 32 GB ,2 GB  
282,SAMSUNG Galaxy F22 ,13499,16999,3500,20.59,4.3,57237,5397,Denim Blue,SAMSUNG, 128 GB ,6 GB  
283,REDMI 10 Prime 2022 ,10988,10988,0,0.0,4.2,1445,99,Astral White,REDMI, 64 GB ,4 GB  
284,OPPO F19 Pro+ 5G ,17990,29990,12000,40.01,4.3,11976,1252,Fluid Black,OPPO, 128 GB ,8 GB  
285,POCO M4 Pro ,14249,21999,7750,35.23,4.2,7005,667,Yellow,POCO, 128 GB ,8 GB  
286,MOTOROLA G62 5G ,15999,21999,6000,27.27,4.1,1151,110,Frosted Blue,MOTOROLA, 128 GB ,6 GB  
287,REDMI 10 ,12499,16999,4500,26.47,4.2,15301,1178,Pacific Blue,REDMI, 128 GB ,6 GB  
288,REDMI 10 Prime ,13499,16999,3500,20.59,4.2,5207,388,Bifrost Blue,REDMI, 128 GB ,6 GB  
289,Itel IT2163,999,1099,100,9.1,4.1,12054,1016,Not Mentioned,Itel, 4 MB ,4 MB  
290,POCO X4 Pro 5G ,18499,25999,7500,28.85,4.1,7325,765,Laser Blue,POCO, 128 GB ,8 GB  
291,LAVA Hero 600+,900,999,99,9.91,4.1,7443,686,Not Mentioned,LAVA, 3 MB ,4 MB  
292,Nokia 110 DS,1769,1769,0,0.0,3.9,96,5,Not Mentioned,Nokia, 32 MB ,4 MB  
293,REDMI 10A ,7675,10998,3323,30.21,4.3,163,12,Sea Blue,REDMI, 32 GB ,3 GB  
294,LAVA Flip,1849,1849,0,0.0,4.1,12427,1200,Not Mentioned,LAVA, 32 MB ,32 MB  
295,SAMSUNG Galaxy M32 ,12135,12135,0,0.0,4.2,3429,353,Light Blue,SAMSUNG, 64 GB ,4 GB  
296,Itel Magic2 4G,2379,2379,0,0.0,4.0,15278,2322, WiFi,Itel, 128 MB ,64 MB  
297,POCO X4 Pro 5G ,18499,25999,7500,28.85,4.1,7325,765,Laser Black,POCO, 128 GB ,8 GB  
298,realme C30s ,7499,9999,2500,25.0,4.4,375,11,Stripe Blue,realme, 32 GB ,2 GB  
299,MOTOROLA G62 5G ,17999,24999,7000,28.0,4.1,325,32,Frosted Blue,MOTOROLA, 128 GB ,8 GB  
300,realme C30s ,7499,9999,2500,25.0,4.4,375,11,Stripe Black,realme, 32 GB ,2 GB  
301,realme C30s ,8999,11999,3000,25.0,4.5,89,4,Stripe Black,realme, 64 GB ,4 GB  
302,realme C30s ,8999,11999,3000,25.0,4.5,89,4,Stripe Blue,realme, 64 GB ,4 GB  
303,vivo V25 5G ,27999,32999,5000,15.15,4.4,1364,136,Elegant Black,vivo, 128 GB ,8 GB  
304,vivo V25 5G ,31999,36999,5000,13.51,4.4,132,13,Surfing Blue,vivo, 256 GB ,12 GB  
305,vivo V25 5G ,27999,32999,5000,15.15,4.4,1364,136,Surfing Blue,vivo, 128 GB ,8 GB  
306,REDMI Note 10T 5G ,14999,18999,4000,21.05,4.2,25214,1927,Graphite Black,REDMI, 128 GB ,6 GB  
307,vivo V25 5G ,31999,36999,5000,13.51,4.4,132,13,Elegant Black,vivo, 256 GB ,12 GB  
308,APPLE iPhone 13 ,68990,79900,10910,13.65,4.7,79146,3488,Midnight,APPLE,Not Mentioned,256 GB 
309,MOTOROLA g22 ,9999,13999,4000,28.57,3.7,19034,2381,Iceberg Blue,MOTOROLA, 64 GB ,4 GB  
310,OPPO Reno8 5G ,29999,38999,9000,23.08,4.3,19746,2786,Shimmer Gold,OPPO, 128 GB ,8 GB  
311,OPPO Reno8 5G ,29999,38999,9000,23.08,4.3,19746,2786,Shimmer Black,OPPO, 128 GB ,8 GB  
312,Itel Ace 2N,887,887,0,0.0,4.1,121,5,Not Mentioned,Itel, 4 MB ,4 MB  
313,KARBONN KX3,999,999,0,0.0,3.9,7674,605,Not Mentioned,KARBONN, 32 MB ,32 MB  
314,REDMI 9 Activ ,10499,12999,2500,19.23,4.2,3021,199,Carbon Black,REDMI, 128 GB ,6 GB  
315,MOTOROLA g52 ,12999,17999,5000,27.78,4.1,5633,738,Metallic White,MOTOROLA, 64 GB ,4 GB  
316,Itel Ace 2N,887,887,0,0.0,4.1,131,7,Not Mentioned,Itel, 4 MB ,4 MB  
317,OPPO F19 Pro ,18990,25990,7000,26.93,4.3,8791,718,Fantastic Purple,OPPO, 256 GB ,8 GB  
318,Tecno Spark 8 ,8700,8700,0,0.0,4.1,503,38,Turquoise Cyan,Tecno, 64 GB ,4 GB  
319,Infinix Note 11 ,11999,16999,5000,29.41,4.2,8680,1058,Glacier Green,Infinix, 128 GB ,6 GB  
320,Infinix Note 11 ,9999,14999,5000,33.34,4.3,35951,4374,Celestial Snow,Infinix, 64 GB ,4 GB  
321,Redmi Note 11 PRO Plus 5G ,21795,21795,0,0.0,4.2,1307,117,Phantom White,Redmi, 128 GB ,8 GB  
322,MOTOROLA g52 ,12999,17999,5000,27.78,4.1,5633,738,Charcoal Grey,MOTOROLA, 64 GB ,4 GB  
323,vivo T1 Pro 5G ,23999,28990,4991,17.22,4.4,3727,319,Turbo Black,vivo, 128 GB ,6 GB  
324,MOTOROLA G62 5G ,17999,24999,7000,28.0,4.1,325,32,Midnight Gray,MOTOROLA, 128 GB ,8 GB  
325,OPPO A16E ,9490,13990,4500,32.17,4.2,270,8,Blue,OPPO, 32 GB ,3 GB  
326,POCO M4 Pro 5G ,12999,16999,4000,23.53,4.3,19493,1798,Yellow,POCO, 64 GB ,4 GB  
327,OPPO A17 ,12499,14999,2500,16.67,0.0,0,0,Sunlight Orange,OPPO, 64 GB ,4 GB  
328,OPPO A17 ,12499,14999,2500,16.67,0.0,0,0,Midnight Black,OPPO, 64 GB ,4 GB  
329,Google Pixel 6a ,34199,43999,9800,22.27,4.4,6834,900,Charcoal,Google, 128 GB ,6 GB  
330,Google Pixel 6a ,34199,43999,9800,22.27,4.4,6834,900,Chalk,Google, 128 GB ,6 GB  
331,Nothing Phone ,35999,42999,7000,16.28,4.3,3519,412,1) ,Nothing, 256 GB ,12 GB  
332,OnePlus Nord CE 2 Lite 5G ,19999,19999,0,0.0,4.4,22030,1937,Black Dusk,OnePlus, 128 GB ,6 GB  
333,Google Pixel 6a ,34199,43999,9800,22.27,4.4,9457,1215,Chalk,Google, 128 GB ,6 GB  
334,Google Pixel 6a ,34199,43999,9800,22.27,4.4,9457,1215,Charcoal,Google, 128 GB ,6 GB  
335,SAMSUNG GALAXY M13 5G ,13480,13480,0,0.0,4.0,32,0,Midnight Blue,SAMSUNG, 64 GB ,4 GB  
336,Motorola a70,1999,2320,321,13.84,4.1,1053,115,Not Mentioned,Motorola,Not Mentioned,0 MB 
337,Micromax X378,999,999,0,0.0,3.9,12168,1033,Not Mentioned,Micromax, 32 MB ,32 MB  
338,LAVA Hero Punch,900,1249,349,27.94,4.1,978,78,Not Mentioned,LAVA, 32 MB ,24 MB  
339,Itel Vision2S ,6240,6499,259,3.99,4.0,760,74,Gradation Purple,Itel, 32 GB ,2 GB  
340,REDMI K50i 5G ,26990,26990,0,0.0,4.4,33,2,Stealth Black,REDMI, 256 GB ,8 GB  
341,REDMI K50i 5G ,22990,22990,0,0.0,4.1,126,17,Phantom Blue,REDMI, 128 GB ,6 GB  
342,Tecno Spark 9 ,9995,9995,0,0.0,4.0,135,6,Infinity Black,Tecno, 128 GB ,6 GB  
343,Tecno Spark 9 ,9956,9956,0,0.0,4.0,135,6,Sky Mirror,Tecno, 128 GB ,6 GB  
344,Nokia 110 DS,1824,1824,0,0.0,3.9,96,5,Not Mentioned,Nokia, 32 MB ,4 MB  
345,Kechaoda K112,1580,1580,0,0.0,4.0,18038,1936,Not Mentioned,Kechaoda, 64 MB ,32 MB  
346,Kechaoda K112,1599,1599,0,0.0,4.0,18038,1936,Not Mentioned,Kechaoda, 64 MB ,32 MB  
347,Itel A27 ,5385,5649,264,4.67,4.0,450,36,Deep Grey,Itel, 32 GB ,2 GB  
348,Kechaoda A26,1074,1074,0,0.0,4.1,12888,956,Not Mentioned,Kechaoda, 32 MB ,32 MB  
349,MOTOROLA Edge 30 ,26999,34999,8000,22.86,4.2,1745,281,Meteor Grey,MOTOROLA, 128 GB ,8 GB  
350,SAMSUNG Galaxy S22 Plus 5G ,69999,101999,32000,31.37,4.6,506,52,Green,SAMSUNG, 128 GB ,8 GB  
351,realme 9 Pro+ 5G ,27999,27999,0,0.0,4.4,23102,2768,Aurora Green,realme, 128 GB ,6 GB  
352,realme 9 Pro+ 5G ,27349,31999,4650,14.53,4.4,18683,2185,Aurora Green,realme, 256 GB ,8 GB  
353,Good One G5605N,899,899,0,0.0,3.8,446,78,Not Mentioned,Good, 32 MB ,32 MB  
354,REDMI A1 ,6669,6669,0,0.0,4.2,19,2,Light Green,REDMI, 32 GB ,2 GB  
355,POCO M3 ,14999,14999,0,0.0,4.3,477031,34624,Cool Blue,POCO, 128 GB ,6 GB  
356,LAVA Blaze ,8699,9699,1000,10.31,3.9,623,208,Glass Blue,LAVA, 64 GB ,3 GB  
357,APPLE iPhone 12 Mini ,46990,64900,17910,27.6,4.5,109438,8753,Black,APPLE,Not Mentioned,128 GB 
358,REDMI Note 11T 5G ,19999,19999,0,0.0,0.0,0,0,Aquamarine Blue,REDMI, 128 GB ,8 GB  
359,Tecno Pop 5 LTE ,6631,6631,0,0.0,4.2,335,24,Ice Blue,Tecno, 32 GB ,2 GB  
360,REDMI Note 10T 5G ,14999,18999,4000,21.05,4.2,25214,1927,Metallic Blue,REDMI, 128 GB ,6 GB  
361,LAVA A1 2021,1279,1279,0,0.0,4.1,3266,305,Not Mentioned,LAVA, 24 MB ,32 MB  
362,POCO M4 Pro 5G ,15999,21999,6000,27.27,4.2,3650,334,Yellow,POCO, 128 GB ,8 GB  
363,KARBONN K9 max,1890,1890,0,0.0,4.1,3148,290,Not Mentioned,KARBONN, 64 MB ,64 MB  
364,SAMSUNG Galaxy F12 ,11499,13999,2500,17.86,4.3,292552,23312,Sky Blue,SAMSUNG, 128 GB ,4 GB  
365,vivo Y35 ,18499,22999,4500,19.57,4.5,237,13,Agate Black,vivo, 128 GB ,8 GB  
366,Kechaoda K115,1135,1135,0,0.0,4.1,27378,2155,Not Mentioned,Kechaoda, 32 MB ,32 MB  
367,APPLE iPhone 12 Mini ,46990,64900,17910,27.6,4.5,109438,8753,White,APPLE,Not Mentioned,128 GB 
368,REDMI 11 Prime 5G ,12999,12999,0,0.0,4.4,30,1,Meadow Green,REDMI, 64 GB ,4 GB  
369,vivo Y01 ,7999,12999,5000,38.46,4.2,510,31,Sapphire Blue,vivo, 32 GB ,2 GB  
370,vivo Y01 ,7999,12999,5000,38.46,4.2,510,31,Elegant Black,vivo, 32 GB ,2 GB  
371,SAMSUNG Guru Music 2,2320,2320,0,0.0,4.3,191639,18006,Not Mentioned,SAMSUNG,Not Mentioned,NA 
372,realme Narzo 50A ,10499,12999,2500,19.23,4.4,330859,21755,Oxygen Green,realme, 64 GB ,4 GB  
373,realme Narzo 50A ,10499,12999,2500,19.23,4.4,330859,21755,Oxygen Blue,realme, 64 GB ,4 GB  
374,realme Narzo 50A ,11499,13999,2500,17.86,4.4,330859,21755,Oxygen Green,realme, 128 GB ,4 GB  
375,Nokia 150 DS 2020,2685,2685,0,0.0,4.1,18232,1449,Not Mentioned,Nokia, 4 MB ,4 MB  
376,APPLE iPhone 12 Mini ,46990,64900,17910,27.6,4.5,109438,8753,Blue,APPLE,Not Mentioned,128 GB 
377,vivo Y16 ,9999,12999,3000,23.08,0.0,0,0,Steller Black,vivo, 32 GB ,3 GB  
378,vivo Y16 ,12499,15999,3500,21.88,0.0,0,0,Steller Black,vivo, 64 GB ,4 GB  
379,vivo Y16 ,12499,15999,3500,21.88,0.0,0,0,Drizzling Gold,vivo, 64 GB ,4 GB  
380,vivo Y16 ,9999,12999,3000,23.08,0.0,0,0,Drizzling Gold,vivo, 32 GB ,3 GB  
381,OPPO A12 ,7990,10990,3000,27.3,4.4,74035,4467,Deep Blue,OPPO, 32 GB ,3 GB  
382,BlackZone ECO X,1439,1470,31,2.11,4.0,7301,486,Not Mentioned,BlackZone, 32 MB ,32 MB  
383,Tecno Pop 5 LTE ,6590,6590,0,0.0,4.2,335,24,Turquoise Cyan,Tecno, 32 GB ,2 GB  
384,BlackZone ECO X,1380,1470,90,6.12,4.0,7301,486,Not Mentioned,BlackZone, 32 MB ,32 MB  
385,DIZO Star 500,1525,1525,0,0.0,4.0,9982,1230,Not Mentioned,DIZO, 32 MB ,32 MB  
386,APPLE iPhone 13 ,68990,79900,10910,13.65,4.7,98089,5041,Blue,APPLE,Not Mentioned,256 GB 
387,Micromax X413,999,999,0,0.0,4.0,2294,195,Not Mentioned,Micromax, 32 MB ,32 MB  
388,OPPO A16E ,9999,15990,5991,37.47,4.2,738,37,Blue,OPPO, 64 GB ,4 GB  
389,OPPO A16E ,9490,13990,4500,32.17,4.2,270,8,White,OPPO, 32 GB ,3 GB  
390,Nokia 8210 4G,4599,4599,0,0.0,5.0,3,0,Not Mentioned,Nokia, 128 MB ,4 MB  
391,Infinix Note 11 ,11999,16999,5000,29.41,4.2,8846,1077,Celestial Snow,Infinix, 128 GB ,6 GB  
392,Infinix Note 11 ,11999,16999,5000,29.41,4.2,8846,1077,Graphite Black,Infinix, 128 GB ,6 GB  
393,SAMSUNG GALAXY M13 ,13949,13949,0,0.0,4.0,11,1,Midnight Blue,SAMSUNG, 128 GB ,6 GB  
394,vivo T1 Pro 5G ,24999,30990,5991,19.33,4.3,8910,955,Turbo Black,vivo, 128 GB ,8 GB  
395,vivo T1 Pro 5G ,24999,30990,5991,19.33,4.3,8910,955,Turbo Cyan,vivo, 128 GB ,8 GB  
396,IQOO Z6 Pro 5G ,27488,27488,0,0.0,4.8,29,2,Legion Sky,IQOO, 256 GB ,12 GB  
397,Infinix Hot 11 ,8999,11999,3000,25.0,4.3,15380,1331,Silver Wave,Infinix, 64 GB ,4 GB  
398,REDMI Note 11T 5G ,15980,15980,0,0.0,4.2,3861,319,Aquamarine Blue,REDMI, 128 GB ,6 GB  
399,Redmi Note 11S ,16988,18468,1480,8.01,4.2,500,41,Space Black,Redmi, 128 GB ,8 GB  
400,Kechaoda K115,1149,1149,0,0.0,4.1,27378,2155,Not Mentioned,Kechaoda, 32 MB ,32 MB  
401,Kechaoda K115,1138,1138,0,0.0,4.1,27378,2155,Not Mentioned,Kechaoda, 32 MB ,32 MB  
402,SAMSUNG Galaxy M33 5G ,15644,15644,0,0.0,4.2,3712,372,Emarld Brown,SAMSUNG, 128 GB ,6 GB  
403,Infinix Note 11s ,11999,16999,5000,29.41,4.3,10904,1473,Symphony Cyan,Infinix, 64 GB ,6 GB  
404,APPLE iPhone 13 ,68990,79900,10910,13.65,4.7,98089,4870,,APPLE,Not Mentioned,256 GB 
405,REDMI 10A SPORT ,11495,11495,0,0.0,4.0,101,4,SEA BLUE,REDMI, 128 GB ,6 GB  
406,Redmi Note 11 ,15798,16285,487,2.99,4.2,6373,539,Starburst White,Redmi, 128 GB ,6 GB  
407,Nokia 105 PLUS,1699,1699,0,0.0,4.1,1825,139,Not Mentioned,Nokia, 4 MB ,4 MB  
408,SAMSUNG Galaxy F42 5G ,22999,25999,3000,11.54,4.1,4432,464,Matte Aqua,SAMSUNG, 128 GB ,8 GB  
409,Micromax X778,1448,1448,0,0.0,3.9,1654,155,Not Mentioned,Micromax, 32 MB ,32 MB  
410,REDMI 11 Prime 5G ,12915,12915,0,0.0,4.4,30,1,Thunder Black,REDMI, 64 GB ,4 GB  
411,MOTOROLA Edge 30 ,26999,34999,8000,22.86,4.2,1745,281,Aurora Green,MOTOROLA, 128 GB ,8 GB  
412,REDMI 11 Prime 5G ,13784,13784,0,0.0,4.4,30,1,Chrome Silver,REDMI, 64 GB ,4 GB  
413,Itel A27 ,5195,5599,404,7.22,4.0,450,36,Silver Purple,Itel, 32 GB ,2 GB  
414,REDMI 11 Prime 5G ,16399,16399,0,0.0,4.2,16,2,Chrome Silver,REDMI, 128 GB ,6 GB  
415,LAVA A1,1158,1158,0,0.0,4.2,20151,1913,Not Mentioned,LAVA, 24 MB ,4 MB  
416,SAMSUNG Galaxy A03 ,9950,9950,0,0.0,4.2,226,17,Black,SAMSUNG, 32 GB ,3 GB  
417,REDMI Note 11S ,15247,20975,5728,27.31,4.2,1167,104,Space Black,REDMI, 128 GB ,6 GB  
418,REDMI Note 11S ,17490,17490,0,0.0,4.1,476,45,Polar White,REDMI, 128 GB ,8 GB  
419,SAMSUNG M53 5G ,22986,22986,0,0.0,4.4,45,7,Emerald Brown,SAMSUNG, 128 GB ,6 GB  
420,realme 9 Pro+ 5G ,27999,27999,0,0.0,4.4,23102,2768,Sunrise Blue,realme, 128 GB ,6 GB  
421,Infinix Note 12 TURBO ,13999,19999,6000,30.0,4.2,5384,728,Jewel Blue,Infinix, 128 GB ,8 GB  
422,SAMSUNG Guru Music 2,2349,2349,0,0.0,4.3,191639,18006,Not Mentioned,SAMSUNG,Not Mentioned,NA 
423,realme 9 Pro+ 5G ,25349,29999,4650,15.5,4.4,18683,2185,Midnight Black,realme, 128 GB ,8 GB  
424,Micromax X415,914,914,0,0.0,3.9,495,40,Not Mentioned,Micromax, 32 MB ,32 MB  
425,realme GT 2 ,34099,44999,10900,24.22,4.3,662,98,Steel Black,realme, 256 GB ,12 GB  
426,MOTOROLA g82 5G ,19999,23999,4000,16.67,4.2,2232,334,Meterorite Grey,MOTOROLA, 128 GB ,6 GB  
427,REDMI 11 Prime 5G ,13784,13784,0,0.0,4.4,16,1,Chrome Silver,REDMI, 64 GB ,4 GB  
428,REDMI 11 Prime 5G ,12915,12915,0,0.0,0.0,0,0,Thunder Black,REDMI, 64 GB ,4 GB  
429,SAMSUNG M53 5G ,22986,22986,0,0.0,4.4,33,4,Emerald Brown,SAMSUNG, 128 GB ,6 GB  
430,REDMI 11 Prime 5G ,16399,16399,0,0.0,4.3,9,1,Chrome Silver,REDMI, 128 GB ,6 GB  
431,Itel Ace 2,999,999,0,0.0,4.0,475,49,Not Mentioned,Itel, 4 MB ,4 MB  
432,Nokia 105SS PLUS,1412,1532,120,7.83,3.9,388,22,Not Mentioned,Nokia, 32 MB ,32 MB  
433,SAMSUNG Guru 1200,1665,1665,0,0.0,4.0,6389,471,Not Mentioned,SAMSUNG, 153 MB ,153 MB  
434,Kechaoda K66 The Music House 4,1199,1280,81,6.33,3.9,13923,1112,Not Mentioned,Kechaoda, 64 MB ,32 MB  
435,OPPO A31 ,12989,13489,500,3.71,4.3,29142,1852,Mystery Black,OPPO, 128 GB ,6 GB  
436,Itel Power 110,1325,1389,64,4.61,4.1,608,43,Not Mentioned,Itel, 4 MB ,4 MB  
437,Good One 2192,999,999,0,0.0,4.1,170,20,Not Mentioned,Good, 32 MB ,32 MB  
438,MOTOROLA g82 5G,19999,23999,4000,16.67,4.2,2232,334,White Lily,MOTOROLA, 128 GB ,6 GB  
439,Infinix Note 11s ,11999,16999,5000,29.41,4.3,10904,1473,Haze Green,Infinix, 64 GB ,6 GB  
440,Motorola a50,1699,1999,300,15.01,4.1,1100,115,Not Mentioned,Motorola, 4 MB ,4 MB  
441,vivo Y21G ,13499,17990,4491,24.96,4.4,1490,124,Midnight Blue,vivo, 64 GB ,4 GB  
442,Infinix Hot 11 2022 ,8999,12999,4000,30.77,4.2,10939,928,Sunset Gold,Infinix, 64 GB ,4 GB  
443,vivo Y21G ,13499,17990,4491,24.96,4.4,1490,124,Diamond Glow,vivo, 64 GB ,4 GB  
444,Nokia 150 DS 2020,2789,2789,0,0.0,4.1,18232,1449,Not Mentioned,Nokia, 4 MB ,4 MB  
445,MOTOROLA Edge 30 Fusion ,42999,49999,7000,14.0,4.4,521,96,Cosmic grey,MOTOROLA, 128 GB ,8 GB  
446,Itel it5026,1309,1369,60,4.38,4.0,885,88,Not Mentioned,Itel, 4 MB ,4 MB  
447,Infinix Note 12 TURBO ,13999,19999,6000,30.0,4.2,5384,728,Snowfall,Infinix, 128 GB ,8 GB  
448,IQOO Z6 44W ,16499,16499,0,0.0,4.3,180,14,Ravan Black,IQOO, 128 GB ,6 GB  
449,SAMSUNG GT-E1215ZWAINS,1299,1410,111,7.87,4.3,33369,2901,Not Mentioned,SAMSUNG,Not Mentioned,NA 
450,Infinix Note 12 TURBO ,13999,19999,6000,30.0,4.2,5384,728,Force Black,Infinix, 128 GB ,8 GB  
451,vivo T1 Pro 5G ,23999,28990,4991,17.22,4.4,3727,319,Turbo Cyan,vivo, 128 GB ,6 GB  
452,Nokia 110 Dual Sim 2022,1949,1949,0,0.0,0.0,0,0,Not Mentioned,Nokia, 4 MB ,4 MB  
453,Itel Ace2 Star,929,929,0,0.0,4.3,3,0,Not Mentioned,Itel, 4 MB ,4 MB  
454,LAVA A1 2021,1087,1279,192,15.01,4.1,1706,159,Not Mentioned,LAVA,Not Mentioned,0 MB 
455,LAVA A1 2021,1087,1279,192,15.01,4.1,3266,305,Not Mentioned,LAVA, 24 MB ,32 MB  
456,Kechaoda K115,1139,1149,10,0.87,4.1,27378,2155,Not Mentioned,Kechaoda, 32 MB ,32 MB  
457,Kechaoda K115,1133,1133,0,0.0,4.1,27378,2155,Not Mentioned,Kechaoda, 32 MB ,32 MB  
458,Kechaoda K55,1250,1250,0,0.0,3.8,76,5,Not Mentioned,Kechaoda, 64 MB ,32 MB  
459,MOTOROLA g82 5G ,21499,25999,4500,17.31,4.0,1549,201,White Lily,MOTOROLA, 128 GB ,8 GB  
460,Xiaomi 11i 5G ,26999,31999,5000,15.63,4.2,18128,2286,Stealth Black,Xiaomi, 128 GB ,8 GB  
461,LAVA A1,1049,1049,0,0.0,4.2,20151,1913,Not Mentioned,LAVA, 24 MB ,4 MB  
462,POCO C3 ,8499,9999,1500,15.0,4.3,395987,26540,Lime Green,POCO, 32 GB ,3 GB  
463,SAMSUNG Galaxy F12 ,11499,13999,2500,17.86,4.3,292552,23312,Celestial Black,SAMSUNG, 128 GB ,4 GB  
464,Nokia 110 TA-1302 DS,1929,1929,0,0.0,4.0,24006,1909,Not Mentioned,Nokia, 4 MB ,4 MB  
465,LAVA A1,1049,1049,0,0.0,4.2,20140,1912,Not Mentioned,LAVA, 24 MB ,4 MB  
466,POCO M5 ,12499,15999,3500,21.88,4.5,269,22,Icy Blue,POCO, 64 GB ,4 GB  
467,Kechaoda K55,1250,1250,0,0.0,3.8,72,5,Not Mentioned,Kechaoda, 64 MB ,32 MB  
468,Kechaoda A20,999,999,0,0.0,4.0,24,1,Not Mentioned,Kechaoda, 32 MB ,512 MB  
469,Good One FLIP,1399,1399,0,0.0,4.1,269,36,Not Mentioned,Good, 32 MB ,32 MB  
470,REDMI 10 Prime 2022 ,12998,12998,0,0.0,4.2,1445,99,Bifrost Blue,REDMI, 64 GB ,4 GB  
471,KARBONN Jumbo K9,1320,1330,10,0.75,4.0,12204,1258,Not Mentioned,KARBONN,Not Mentioned,Expandable Upto 8 GB6.6 cm (2.6 inch) QVGA 
472,SAMSUNG GURU GT,1670,1670,0,0.0,4.1,2427,160,Not Mentioned,SAMSUNG, 153 MB ,153 MB  
473,Salora VOLT 2,749,749,0,0.0,3.9,4474,489,Not Mentioned,Salora, 32 MB ,32 MB  
474,REDMI Note 10S ,13999,16999,3000,17.65,4.4,75498,5107,Deep Sea Blue,REDMI, 64 GB ,6 GB  
475,realme 8s 5G ,17999,20999,3000,14.29,4.4,72878,5996,Universe Blue,realme, 128 GB ,6 GB  
476,realme 8s 5G ,17999,20999,3000,14.29,4.4,72878,5996,Universe Purple,realme, 128 GB ,6 GB  
477,realme 9 Pro+ 5G ,27349,31999,4650,14.53,4.4,18683,2185,Sunrise Blue,realme, 256 GB ,8 GB  
478,Tecno SPARK 7 Pro ,10025,10025,0,0.0,4.2,1417,84,Alps Blue,Tecno, 64 GB ,4 GB  
479,realme 9 Pro+ 5G ,27349,31999,4650,14.53,4.4,18683,2185,Midnight Black,realme, 256 GB ,8 GB  
480,realme 9 Pro+ 5G ,25349,29999,4650,15.5,4.4,18683,2185,Aurora Green,realme, 128 GB ,8 GB  
481,Redmi Note 11 ,14490,14490,0,0.0,4.2,6373,539,Horizon Blue,Redmi, 128 GB ,6 GB  
482,LAVA A7 Star,1529,1849,320,17.31,4.1,100,14,Not Mentioned,LAVA, 32 MB ,24 MB  
483,Nokia 105 PLUS,1899,1899,0,0.0,4.1,1825,139,Not Mentioned,Nokia, 4 MB ,4 MB  
484,POCO M5 ,14499,18999,4500,23.69,4.3,218,14,Power Black,POCO, 128 GB ,6 GB  
485,OPPO A16E ,9999,15990,5991,37.47,4.2,738,37,Midnight Black,OPPO, 64 GB ,4 GB  
486,OPPO A16E ,9490,13990,4500,32.17,4.2,270,8,Midnight Black,OPPO, 32 GB ,3 GB  
487,Tecno Spark 9T ,9835,9835,0,0.0,4.2,6,0,Turquoise Cyan,Tecno, 64 GB ,4 GB  
488,Tecno Spark 9T ,9770,9770,0,0.0,4.2,6,0,Atlantic Blue,Tecno, 64 GB ,4 GB  
489,realme 8s 5G ,19999,22999,3000,13.04,4.4,51071,4629,Universe Purple,realme, 128 GB ,8 GB  
490,Tecno Pova 3 ,12999,12999,0,0.0,4.2,24,0,Eco Black,Tecno, 64 GB ,4 GB  
491,vivo Y21A ,12989,17990,5001,27.8,4.3,1687,131,Midnight Blue,vivo, 64 GB ,4 GB  
492,SAMSUNG Galaxy M33 5G ,15999,15999,0,0.0,4.2,3712,372,Emarld Brown,SAMSUNG, 128 GB ,6 GB  
493,SAMSUNG Guru Music 2,2390,2390,0,0.0,4.2,1396,100,Not Mentioned,SAMSUNG, NA KB ,0.53  
494,BlackZone RANGER,819,819,0,0.0,3.6,803,62,Not Mentioned,BlackZone, 64 MB ,64 MB  
495,MOTOROLA Edge 30 Ultra ,59999,69999,10000,14.29,4.6,200,45,Starlight White,MOTOROLA, 128 GB ,8 GB  
496,Infinix Hot 11 ,8999,11999,3000,25.0,4.3,15380,1331,Emerald Green,Infinix, 64 GB ,4 GB  
497,Itel it2175,1096,1109,13,1.17,4.0,148,20,Not Mentioned,Itel, 4 MB ,4 MB  
498,REDMI Note 10S ,13999,16999,3000,17.65,4.4,75498,5107,Cosmic Purple,REDMI, 64 GB ,6 GB  
499,OnePlus Nord CE 2 Lite 5G ,19999,19999,0,0.0,4.4,22030,1937,Blue Tide,OnePlus, 128 GB ,6 GB  
500,MOTOROLA e32s ,9177,9177,0,0.0,3.6,71,14,Misty Silver,MOTOROLA, 32 GB ,3 GB  
501,KARBONN K9 max,1461,1461,0,0.0,4.1,3148,290,Not Mentioned,KARBONN, 64 MB ,64 MB  
502,IAIR D23,1097,1099,2,0.18,4.1,31,8,Not Mentioned,IAIR, 32 MB ,32 MB  
503,Infinix Hot 11S ,10999,14999,4000,26.67,4.3,44098,4800,7Â° Purple,Infinix, 128 GB ,4 GB  
504,REDMI K50i 5G ,22990,22990,0,0.0,4.1,126,17,Stealth Black,REDMI, 128 GB ,6 GB  
505,OnePlus Nord CE 2 Lite 5G ,19997,19997,0,0.0,4.4,22030,1937,Black Dusk,OnePlus, 128 GB ,6 GB  
506,SAMSUNG Galaxy M33 5G ,15999,15999,0,0.0,4.2,3437,360,Emarld Brown,SAMSUNG, 128 GB ,6 GB  
507,realme C25_Y ,10999,12999,2000,15.39,4.5,43027,2102,Glacier Blue,realme, 64 GB ,4 GB  
508,Xiaomi 11i Hypercharge 5G ,26999,33999,7000,20.59,4.2,4940,585,Stealth Black,Xiaomi, 128 GB ,8 GB  
509,vivo V25 Pro 5G ,40499,40499,0,0.0,4.4,595,84,Sailing Blue,vivo, 256 GB ,12 GB  
510,Infinix Note 11s ,11999,16999,5000,29.41,4.3,10904,1473,Mithril Grey,Infinix, 64 GB ,6 GB  
511,Nokia 105DS PLUS,1548,1548,0,0.0,4.2,101,7,Not Mentioned,Nokia, 32 MB ,32 MB  
512,realme GT 2 ,30199,39999,9800,24.5,4.3,3094,435,Steel Black,realme, 128 GB ,8 GB  
513,realme GT 2 ,30199,39999,9800,24.5,4.3,3094,435,Paper Green,realme, 128 GB ,8 GB  
514,Itel Power 110,1279,1389,110,7.92,4.1,608,43,Not Mentioned,Itel, 4 MB ,4 MB  
515,realme GT 2 ,30199,39999,9800,24.5,4.3,3094,435,Paper White,realme, 128 GB ,8 GB  
516,Kechaoda K33,1149,1149,0,0.0,4.0,7804,525,Not Mentioned,Kechaoda, 32 MB ,32 MB  
517,realme Narzo 50i ,6499,7999,1500,18.75,4.5,116450,4621,Carbon Black,realme, 32 GB ,2 GB  
518,realme Narzo 50i ,6499,7999,1500,18.75,4.5,116450,4621,Mint Green,realme, 32 GB ,2 GB  
519,Kechaoda A27,1087,1087,0,0.0,4.1,5938,475,Not Mentioned,Kechaoda, 32 MB ,32 MB  
520,REDMI 11 Prime 5G ,15490,15490,0,0.0,4.2,16,2,Thunder Black,REDMI, 128 GB ,6 GB  
521,Itel IT5026,1306,1369,63,4.6,4.0,885,88,Not Mentioned,Itel, 4 MB ,4 MB  
522,MOTOROLA Edge 20 Fusion 5G ,20999,25999,5000,19.23,4.0,10726,1374,Cyber Teal,MOTOROLA, 128 GB ,8 GB  
523,Itel Power 100 New,1289,1399,110,7.86,4.2,627,43,Not Mentioned,Itel, 4 MB ,4 MB  
524,vivo Y21T ,15499,19990,4491,22.47,4.4,1245,90,Pearl White,vivo, 128 GB ,4 GB  
525,MOTOROLA g22 ,9999,13999,4000,28.57,3.7,19034,2381,Mint Green,MOTOROLA, 64 GB ,4 GB  
526,MOTOROLA Edge 20 Fusion 5G ,18999,24999,6000,24.0,4.0,16773,2335,Cyber Teal,MOTOROLA, 128 GB ,6 GB  
527,vivo V25 Pro 5G ,40499,40499,0,0.0,4.4,595,90,Sailing Blue,vivo, 256 GB ,12 GB  
528,Itel A23S ,4997,4997,0,0.0,3.4,13,0,Sky Cyan,Itel, 32 GB ,2 GB  
529,Kechaoda A26,1074,1190,116,9.75,4.1,12888,956,Not Mentioned,Kechaoda, 32 MB ,32 MB  
530,REDMI 9 Prime ,12990,12990,0,0.0,4.4,225079,15235,Mint Green,REDMI, 128 GB ,4 GB  
531,Kechaoda K9,1365,1385,20,1.44,4.1,2431,233,Not Mentioned,Kechaoda, 64 MB ,32 MB  
532,POCO M2 Reloaded ,10890,10890,0,0.0,4.3,65883,4577,Greyish Black,POCO, 64 GB ,4 GB  
533,Kechaoda K116,1199,1199,0,0.0,3.9,5729,454,Not Mentioned,Kechaoda, 32 MB ,32 MB  
534,Itel Power 430,1636,1636,0,0.0,2.8,4,0,Not Mentioned,Itel, 8 MB ,8 MB  
535,SAMSUNG Guru Music 2,2320,2390,70,2.93,4.3,191639,18006,Not Mentioned,SAMSUNG,Not Mentioned,NA 
536,OPPO F21s Pro 5G ,25989,25989,0,0.0,0.0,0,0,Dawnlight Gold,OPPO, 128 GB ,8 GB  
537,KARBONN K9,1325,1349,24,1.78,4.1,7346,630,Not Mentioned,KARBONN,Not Mentioned,6.6 cm (2.6 inch) QVGA 
538,Micromax X512,1199,1199,0,0.0,3.9,9408,865,Not Mentioned,Micromax, 24 MB ,56 MB  
539,Infinix Note 11s Free Fire Edition ,13999,18999,5000,26.32,4.3,6480,884,Mithril Grey,Infinix, 128 GB ,8 GB  
540,Infinix Note 11s Free Fire Edition ,13999,18999,5000,26.32,4.3,6480,884,Haze Green,Infinix, 128 GB ,8 GB  
541,Redmi Note 11 ,11847,11847,0,0.0,4.2,6423,623,Starburst White,Redmi, 64 GB ,4 GB  
542,Redmi Note 11 ,13698,14899,1201,8.06,4.2,6373,539,Starburst White,Redmi, 64 GB ,6 GB  
543,Redmi Note 11 ,11678,13498,1820,13.48,4.2,6423,623,Space Black,Redmi, 64 GB ,4 GB  
544,Infinix Smart 5A ,7199,7999,800,10.0,4.3,76417,5262,Ocean Wave,Infinix, 32 GB ,2 GB  
545,Infinix Smart 5A ,7199,7999,800,10.0,4.3,76417,5262,Quetzal Cyan,Infinix, 32 GB ,2 GB  
546,Infinix Smart 5A ,7199,7999,800,10.0,4.3,76417,5262,Midnight Black,Infinix, 32 GB ,2 GB  
547,realme C25 ,10999,10999,0,0.0,4.4,43926,2295,Watery Blue,realme, 64 GB ,4 GB  
548,POCO M3 Pro 5G ,16499,17999,1500,8.33,4.2,50241,4293,Cool Blue,POCO, 128 GB ,6 GB  
549,LAVA A3,1212,1319,107,8.11,4.2,18449,2060,Not Mentioned,LAVA,Not Mentioned,0 GB 
550,vivo Y75 ,20999,25990,4991,19.2,4.2,967,90,Moonlight Shadow,vivo, 128 GB ,8 GB  
551,Kechaoda K115,1180,1180,0,0.0,4.1,27378,2155,Not Mentioned,Kechaoda, 32 MB ,32 MB  
552,OPPO Reno7 Pro 5G ,34999,47990,12991,27.07,4.3,6184,874,Starlight Black,OPPO, 256 GB ,12 GB  
553,Kechaoda K115,1139,1208,69,5.71,4.1,27378,2155,Not Mentioned,Kechaoda, 32 MB ,32 MB  
554,SAMSUNG Galaxy S22 Plus 5G ,69999,101999,32000,31.37,4.6,506,52,Phantom Black,SAMSUNG, 128 GB ,8 GB  
555,POCO M5 ,12499,15999,3500,21.88,4.4,377,30,Power Black,POCO, 64 GB ,4 GB  
556,Kechaoda K66 The Music House 4,1189,1189,0,0.0,3.9,14016,1117,Not Mentioned,Kechaoda, 64 MB ,32 MB  
557,Infinix Hot 11S ,9999,13999,4000,28.57,4.3,44098,4800,Silver Wave,Infinix, 64 GB ,4 GB  
558,Infinix Hot 11S ,10999,14999,4000,26.67,4.3,44098,4800,Silver Wave,Infinix, 128 GB ,4 GB  
559,IQOO Z6 44W ,14899,14899,0,0.0,4.3,113,8,Lumina Blue,IQOO, 128 GB ,4 GB  
560,Nokia 105DS PLUS,1590,1590,0,0.0,4.2,105,7,Not Mentioned,Nokia, 32 MB ,32 MB  
561,OPPO A96 ,17999,23999,6000,25.0,4.3,659,64,Starry Black,OPPO, 128 GB ,8 GB  
562,POCO M3 Pro 5G ,14499,15999,1500,9.38,4.3,61232,4748,Cool Blue,POCO, 64 GB ,4 GB  
563,POCO F4 5G ,29999,39999,10000,25.0,4.4,1419,223,Nebula Green,POCO, 256 GB ,12 GB  
564,LAVA A1,1049,1049,0,0.0,4.2,106733,11400,Not Mentioned,LAVA, 24 MB ,24 MB  
565,IAIR D23,1097,1099,2,0.18,4.3,43,12,Not Mentioned,IAIR, 32 MB ,32 MB  
566,Micromax X416,999,999,0,0.0,4.0,380,40,Not Mentioned,Micromax, 32 MB ,32 MB  
567,Nokia 105DS PLUS,1590,1590,0,0.0,4.2,101,7,Not Mentioned,Nokia, 32 MB ,32 MB  
568,MOTOROLA Edge 20 Fusion 5G ,20999,25999,5000,19.23,4.0,10726,1371,Electric Graphite,MOTOROLA, 128 GB ,8 GB  
569,REDMI Note 10S ,13999,16999,3000,17.65,4.4,75498,5107,Shadow Black,REDMI, 64 GB ,6 GB  
570,POCO M5 ,12499,15999,3500,21.88,4.5,269,22,Yellow,POCO, 64 GB ,4 GB  
571,OPPO F19 Pro ,22990,22990,0,0.0,4.3,8791,718,Crystal Silver,OPPO, 256 GB ,8 GB  
572,OnePlus 10R 5G ,38000,38000,0,0.0,4.4,820,76,Prime Blue,OnePlus, 128 GB ,8 GB  
573,Redmi Note 11 PRO Plus 5G ,23980,23980,0,0.0,4.2,1307,117,PHANTOM WHITE,Redmi, 256 GB ,8 GB  
574,SAMSUNG Galaxy A23 ,17499,23990,6491,27.06,4.2,436,36,Black,SAMSUNG, 128 GB ,6 GB  
575,Tecno Spark Go 2022 ,6963,6963,0,0.0,4.2,497,35,ice silver,Tecno, 32 GB ,2 GB  
576,REDMI Note 11 Pro ,20990,22000,1010,4.59,4.2,450,35,Stealth Black,REDMI, 128 GB ,8 GB  
577,Nokia 105 DS 2020,1699,1699,0,0.0,4.2,26798,2034,Not Mentioned,Nokia, 4 MB ,4 MB  
578,realme C21Y ,10499,10999,500,4.55,4.5,249153,9484,Cross Blue,realme, 64 GB ,4 GB  
579,realme C21Y ,9499,9999,500,5.0,4.6,87491,3005,Cross Black,realme, 32 GB ,3 GB  
580,realme C21Y ,10499,10999,500,4.55,4.5,249153,9484,Cross Black,realme, 64 GB ,4 GB  
581,Infinix Hot 11S ,9999,13999,4000,28.57,4.3,44098,4800,Green Wave,Infinix, 64 GB ,4 GB  
582,SAMSUNG Galaxy S22 Plus 5G ,69999,101999,32000,31.37,4.6,506,52,Phantom White,SAMSUNG, 128 GB ,8 GB  
583,SAMSUNG Metro 313 Dual Sim,2250,2340,90,3.85,4.3,23184,2391,Not Mentioned,SAMSUNG, 2.27 MB ,4 MB  
584,Nokia 105 SS 2021,1599,1599,0,0.0,4.2,81630,6180,Not Mentioned,Nokia, 4 MB ,4 MB  
585,Itel IT5626,1949,1949,0,0.0,4.0,963,103,Not Mentioned,Itel, 8 MB ,8 MB  
586,Itel IT5626,1930,1930,0,0.0,4.0,963,103,Not Mentioned,Itel, 8 MB ,8 MB  
587,GREENBERRI SPARK,799,799,0,0.0,3.4,190,18,Not Mentioned,GREENBERRI, 64 MB ,64 MB  
588,BlackZone B310,859,859,0,0.0,3.8,2967,242,Not Mentioned,BlackZone, 10 MB ,10 MB  
589,Cellecor E3+,1149,1149,0,0.0,4.7,3,0,Not Mentioned,Cellecor, 32 MB ,32 MB  
590,realme 8 ,16999,17999,1000,5.56,4.4,119981,9915,Cyber Silver,realme, 128 GB ,6 GB  
591,Itel It2171,1049,1149,100,8.7,4.1,3179,303,Not Mentioned,Itel, 32 MB ,32 MB  
592,Kechaoda K55 Pro,1250,1250,0,0.0,3.9,358,25,Not Mentioned,Kechaoda, 64 MB ,32 MB  
593,Itel Ace Young Without Charger,1049,1049,0,0.0,4.0,2399,169,Not Mentioned,Itel, 4 MB ,4 MB  
594,REDMI Note 11S ,15749,16590,841,5.07,4.2,1167,104,Space Black,REDMI, 64 GB ,6 GB  
595,realme 8i ,13999,15999,2000,12.5,4.5,164670,10483,Space Black,realme, 64 GB ,4 GB  
596,SAMSUNG Galaxy A22 5G ,16499,18999,2500,13.16,4.2,2248,214,Violet,SAMSUNG, 128 GB ,6 GB  
597,realme 8i ,13999,15999,2000,12.5,4.5,164670,10483,Space Purple,realme, 64 GB ,4 GB  
598,vivo Y22 ,16499,19990,3491,17.46,4.5,12,1,Starlit Blue,vivo, 128 GB ,6 GB  
599,vivo Y22 ,14499,17990,3491,19.41,4.0,21,0,Metaverse Green,vivo, 64 GB ,4 GB  
600,vivo Y22 ,16499,19990,3491,17.46,4.5,12,1,Metaverse Green,vivo, 128 GB ,6 GB  
601,KARBONN K9,1390,1398,8,0.57,4.1,7346,630,Not Mentioned,KARBONN,Not Mentioned,6.1 cm (2.4 inch) QVGA 
602,vivo Y22 ,14499,17990,3491,19.41,4.0,21,0,Starlit Blue,vivo, 64 GB ,4 GB  
603,Tecno Spark Go 2022 ,6963,6963,0,0.0,4.2,514,36,ice silver,Tecno, 32 GB ,2 GB  
604,REDMI Note 10 Pro ,15999,19999,4000,20.0,4.3,37617,3494,Dark Night,REDMI, 128 GB ,6 GB  
605,OPPO A54 ,14990,14990,0,0.0,4.3,3782,215,Starry Blue,OPPO, 128 GB ,6 GB  
606,MOTOROLA g42 ,12999,16999,4000,23.53,4.1,1451,201,Atlantic Green,MOTOROLA, 64 GB ,4 GB  
607,Itel Muzik 110,1244,1299,55,4.23,4.0,254,25,Not Mentioned,Itel, 4 MB ,4 MB  
608,vivo Y35 ,18499,22999,4500,19.57,4.5,237,13,Dawn Gold,vivo, 128 GB ,8 GB  
609,Tecno Spark 9 ,9490,9490,0,0.0,4.3,9,0,Infinity Black,Tecno, 64 GB ,4 GB  
610,OPPO A16 ,12990,15990,3000,18.76,4.3,3288,235,Pearl Blue,OPPO, 64 GB ,4 GB  
611,Redmi Note 9 Pro ,14990,17999,3009,16.72,4.3,26255,1809,Glacier White,Redmi, 128 GB ,4 GB  
612,Kechaoda A27,1074,1170,96,8.21,4.1,5904,476,Not Mentioned,Kechaoda, 32 MB ,32 MB  
613,KARBONN KX3,999,999,0,0.0,4.0,1711,120,Not Mentioned,KARBONN, 32 MB ,31 MB  
614,Kechaoda A27,1075,1190,115,9.66,4.1,5904,476,Not Mentioned,Kechaoda, 32 MB ,32 MB  
615,Itel IT2173,979,1025,46,4.49,4.1,1706,158,Not Mentioned,Itel, 4 MB ,4 MB  
616,APPLE iPhone 13 Pro ,129900,129900,0,0.0,4.6,977,87,Gold,APPLE,Not Mentioned,256 GB 
617,Kechaoda K55,1199,1299,100,7.7,3.8,72,5,Not Mentioned,Kechaoda, 64 MB ,32 MB  
618,Kechaoda K55,1199,1199,0,0.0,3.8,72,5,Not Mentioned,Kechaoda, 64 MB ,32 MB  
619,vivo Y75 ,25990,25990,0,0.0,4.2,915,84,Dancing waves,vivo, 128 GB ,8 GB  
620,SAMSUNG Galaxy A23 ,17499,23990,6491,27.06,4.2,436,36,Blue,SAMSUNG, 128 GB ,6 GB  
621,GFive U707,749,749,0,0.0,3.6,10562,998,Not Mentioned,GFive, 32 MB ,32 MB  
622,Kechaoda K115,1095,1095,0,0.0,4.1,27378,2155,Not Mentioned,Kechaoda, 32 MB ,32 MB  
623,Energizer Hardcase E100,1099,1099,0,0.0,3.8,807,99,Not Mentioned,Energizer, 32 MB ,32 MB  
624,realme 8s 5G ,19999,22999,3000,13.04,4.4,51071,4629,Universe Blue,realme, 128 GB ,8 GB  
625,APPLE iPhone 12 Mini ,41990,59900,17910,29.9,4.5,109423,8752,Green,APPLE,Not Mentioned,64 GB 
626,REDMI 10 Power ,13999,15990,1991,12.45,4.0,262,16,Sporty Orange,REDMI, 128 GB ,8 GB  
627,OPPO A96 ,17999,23999,6000,25.0,4.3,635,64,Sunset Blue,OPPO, 128 GB ,8 GB  
628,REDMI 10 Prime ,14490,14490,0,0.0,4.2,4886,374,Bifrost Blue,REDMI, 128 GB ,6 GB  
629,Snexian Guru 5071,899,899,0,0.0,3.5,4,0,Not Mentioned,Snexian, 32 MB ,32 MB  
630,Xiaomi 11i 5G ,26999,31999,5000,15.63,4.2,17644,2233,Pacific Pearl,Xiaomi, 128 GB ,8 GB  
631,realme Narzo 50A ,11499,13999,2500,17.86,4.4,329545,21648,Oxygen Green,realme, 128 GB ,4 GB  
632,Itel A49 ,5970,5970,0,0.0,4.1,171,12,Sky Cyan,Itel, 32 GB ,2 GB  
633,Itel A25 ,4899,4899,0,0.0,3.9,988,93,Gradation Blue,Itel, 16 GB ,1 GB  
634,Tecno Spark 9 ,9490,9490,0,0.0,4.3,9,0,Sky Mirror,Tecno, 64 GB ,4 GB  
635,Redmi Note 11 PRO Plus 5G ,23980,23980,0,0.0,4.2,1246,115,Stealth Black,Redmi, 256 GB ,8 GB  
636,Redmi Note 11 PRO Plus 5G ,21698,21698,0,0.0,4.2,1246,115,Mirage Blue,Redmi, 128 GB ,8 GB  
637,Redmi Note 11 PRO Plus 5G ,24480,24480,0,0.0,4.2,1246,115,Mirage Blue,Redmi, 256 GB ,8 GB  
638,Redmi Note 11 PRO Plus 5G ,19870,19870,0,0.0,4.2,2940,270,Phantom White,Redmi, 128 GB ,6 GB  
639,Redmi Note 11 PRO Plus 5G ,19988,19988,0,0.0,4.2,2940,270,Mirage Blue,Redmi, 128 GB ,6 GB  
640,Redmi Note 11 PRO Plus 5G ,22990,22990,0,0.0,4.2,1246,115,Mirage Blue,Redmi, 128 GB ,8 GB  
641,BlackZone B-310 GOLD,899,899,0,0.0,3.8,639,38,Not Mentioned,BlackZone, 64 MB ,64 MB  
642,Itel A27 ,5196,5599,403,7.2,4.0,448,36,Crystal Blue,Itel, 32 GB ,2 GB  
643,Tecno Spark 8C ,8380,8380,0,0.0,4.2,360,27,Diamond Grey,Tecno, 64 GB ,3 GB  
644,APPLE iPhone 14 ,79900,79900,0,0.0,4.7,161,4,Purple,APPLE,Not Mentioned,128 GB 
645,Snexian BOLD 007,989,989,0,0.0,2.8,4,0,Not Mentioned,Snexian, 32 MB ,32 MB  
646,Redmi 8A Dual ,9490,9490,0,0.0,4.2,18025,1180,Sea Blue,Redmi, 64 GB ,3 GB  
647,REDMI 9 Prime ,11990,11990,0,0.0,4.4,225079,15235,Space Blue,REDMI, 64 GB ,4 GB  
648,REDMI 10 Power ,13997,14510,513,3.54,4.0,262,16,Power Black,REDMI, 128 GB ,8 GB  
649,REDMI Note 10 Lite ,15289,15799,510,3.23,4.3,741,59,Glacier White,REDMI, 128 GB ,6 GB  
650,SAMSUNG GALAXY M13 ,13999,13999,0,0.0,4.0,11,1,Stardust Brown,SAMSUNG, 128 GB ,6 GB  
651,SAMSUNG Galaxy A12 ,15999,15999,0,0.0,4.1,4602,376,Black,SAMSUNG, 64 GB ,4 GB  
652,Snexian BOLD 600,1099,1099,0,0.0,3.8,40,1,Not Mentioned,Snexian, 32 MB ,32 MB  
653,Kechaoda K9,1375,1375,0,0.0,4.1,2431,233,Not Mentioned,Kechaoda, 64 MB ,32 MB  
654,Xiaomi 11T Pro 5G Hyperphone ,35990,40990,5000,12.2,4.0,361,44,Moonlight White,Xiaomi, 256 GB ,8 GB  
655,Infinix Note 10 Pro ,16999,19999,3000,15.0,4.2,12098,1626,Nordic Secret,Infinix, 256 GB ,8 GB  
656,SAMSUNG Galaxy M32 5G ,18499,18499,0,0.0,4.2,1120,67,Sky Blue,SAMSUNG, 128 GB ,8 GB  
657,Nokia 125 TA-1253 DS,2379,2379,0,0.0,4.0,2524,178,Not Mentioned,Nokia, 4 MB ,4 MB  
658,Snexian BOLD,1199,1199,0,0.0,3.9,717,25,Not Mentioned,Snexian, 256 MB ,512 MB  
659,SAMSUNG GALAXY M13 5G ,16669,16669,0,0.0,4.2,32,4,Midnight Blue,SAMSUNG, 128 GB ,6 GB  
660,Grabo ECO 1.8,719,759,40,5.27,3.7,971,82,Not Mentioned,Grabo, 64 MB ,64 MB  
661,Tecno Camon 18 ,12659,13998,1339,9.57,4.2,225,22,Dusk Grey,Tecno, 128 GB ,4 GB  
662,SAMSUNG Galaxy M52 5G ,23800,23800,0,0.0,4.2,1802,185,Blazing Black,SAMSUNG, 128 GB ,6 GB  
663,Redmi 9A ,7989,7989,0,0.0,4.3,20870,1243,SeaBlue,Redmi, 32 GB ,2 GB  
664,Micromax X415,998,998,0,0.0,3.9,763,56,Not Mentioned,Micromax, 36 MB ,56 MB  
665,REDMI Note 11 Pro Plus 5G ,19990,19990,0,0.0,0.0,0,0,Mirage Blue,REDMI, 128 GB ,6 GB  
666,OPPO A54 ,11909,11909,0,0.0,4.4,10196,638,Starry Blue,OPPO, 64 GB ,4 GB  
667,OPPO A54 ,14990,15990,1000,6.25,4.4,10196,638,Moonlight Gold,OPPO, 128 GB ,4 GB  
668,realme GT NEO 2 ,35999,38999,3000,7.69,4.4,4267,617,NEO Black,realme, 256 GB ,12 GB  
669,KARBONN K310i,920,920,0,0.0,3.7,238,17,Not Mentioned,KARBONN, 10 MB ,10 MB  
670,KARBONN K9 Yuva,1335,1335,0,0.0,3.9,471,32,Not Mentioned,KARBONN, 32 KB ,64 MB  
671,Infinix Hot 11 2022 ,8999,12999,4000,30.77,4.2,10939,928,Polar Black,Infinix, 64 GB ,4 GB  
672,SAMSUNG Galaxy F12 ,10499,12999,2500,19.23,4.3,292552,23312,Celestial Black,SAMSUNG, 64 GB ,4 GB  
673,realme Narzo 30 ,13499,14999,1500,10.0,4.4,104999,8921,Racing Blue,realme, 64 GB ,4 GB  
674,realme Narzo 30 ,14499,15999,1500,9.38,4.3,74666,5965,Racing Silver,realme, 64 GB ,6 GB  
675,Tecno Spark 8C ,9490,9490,0,0.0,4.3,83,9,Iris Purple,Tecno, 64 GB ,4 GB  
676,Tecno Spark 8C ,9289,9289,0,0.0,4.3,83,9,Turquoise Cyan,Tecno, 64 GB ,4 GB  
677,Tecno Spark 8C ,8499,8890,391,4.4,4.2,368,27,Magnet Black,Tecno, 64 GB ,3 GB  
678,Tecno Spark 8C ,9234,9234,0,0.0,4.3,83,9,Magnet Black,Tecno, 64 GB ,4 GB  
679,OPPO A16 ,12990,15990,3000,18.76,4.3,3327,240,Crystal Black,OPPO, 64 GB ,4 GB  
680,Itel Ace2 Star,929,929,0,0.0,4.3,3,0,Not Mentioned,Itel, 4 MB ,4 MB  
681,SAMSUNG Galaxy A73 5G ,44999,49990,4991,9.98,4.2,939,131,Awesome Mint,SAMSUNG, 256 GB ,8 GB  
682,realme C25_Y ,11999,13999,2000,14.29,4.5,43027,2102,Glacier Blue,realme, 128 GB ,4 GB  
683,Itel Vision2S ,6298,6298,0,0.0,4.0,760,74,Gradation Blue,Itel, 32 GB ,2 GB  
684,DIZO Star 300,1395,1395,0,0.0,3.9,8956,1074,Not Mentioned,DIZO, 32 MB ,32 MB  
685,Nokia C21 Plus ,11999,11999,0,0.0,3.6,9,2,Grey,Nokia, 32 GB ,3 GB  
686,LAVA A1,1214,1214,0,0.0,4.2,106733,11400,Not Mentioned,LAVA, 24 MB ,24 MB  
687,SAMSUNG Galaxy A33 ,24499,32990,8491,25.74,4.0,790,81,Awesome Black,SAMSUNG, 128 GB ,6 GB  
688,KARBONN K8 POWER BLUE,1130,1130,0,0.0,4.4,19,0,Not Mentioned,KARBONN, 32 MB ,35 MB  
689,REDMI 11 Prime 5G ,15678,15678,0,0.0,4.2,16,2,Meadow Green,REDMI, 128 GB ,6 GB  
690,SAREGAMA Carvaan Mobile M21,2490,2490,0,0.0,4.1,22,6,CM281) with 1500 pre-loaded songs,SAREGAMA, 2 GB ,32 MB  
691,Kechaoda A27,1074,1170,96,8.21,4.1,5938,475,Not Mentioned,Kechaoda, 32 MB ,32 MB  
692,Kechaoda K-22,999,999,0,0.0,4.2,42,4,Not Mentioned,Kechaoda, 32 MB ,32 MB  
693,OPPO A31 ,13430,13440,10,0.07,4.3,29195,1854,Fantasy White,OPPO, 128 GB ,6 GB  
694,REDMI Note 10S ,14999,18999,4000,21.05,4.4,75498,5107,Deep Sea Blue,REDMI, 128 GB ,6 GB  
695,POCO M2 Pro ,14999,17999,3000,16.67,4.4,348372,33188,Green and Greener,POCO, 64 GB ,6 GB  
696,REDMI Note 10S ,16499,20999,4500,21.43,4.2,6534,610,Shadow Black,REDMI, 128 GB ,8 GB  
697,Kechaoda K116,1199,1199,0,0.0,3.9,5726,454,Not Mentioned,Kechaoda, 32 MB ,32 MB  
698,APPLE iPhone 13 Pro ,129900,129900,0,0.0,4.6,977,87,Graphite,APPLE,Not Mentioned,256 GB 
699,Nuvo FLASH,899,899,0,0.0,3.7,801,82,Not Mentioned,Nuvo, 32 MB ,32 MB  
700,OPPO A57 ,13999,16990,2991,17.6,4.5,1496,80,Glowing Black,OPPO, 64 GB ,4 GB  
701,Kechaoda K10,1139,1139,0,0.0,3.9,13407,899,Not Mentioned,Kechaoda, 32 MB ,32 MB  
702,vivo V21e ,24990,27990,3000,10.72,4.3,7747,732,Sunset Jazz,vivo, 128 GB ,8 GB  
703,vivo V21e ,24990,27990,3000,10.72,4.3,7747,732,Dark Pearl,vivo, 128 GB ,8 GB  
704,LAVA A5,1550,1550,0,0.0,4.1,11814,1127,Not Mentioned,LAVA, 24 MB ,32 MB  
705,vivo Y21 ,13499,17990,4491,24.96,4.3,13861,1058,Midnight Blue,vivo, 64 GB ,4 GB  
706,vivo Y21 ,17949,17969,20,0.11,4.3,13861,1058,Diamond Glow,vivo, 128 GB ,4 GB  
707,Micromax X512,1175,1175,0,0.0,3.9,9408,864,Not Mentioned,Micromax, 24 MB ,56 MB  
708,SAMSUNG Galaxy A52 ,24590,24990,400,1.6,4.3,2035,256,Awesome Black,SAMSUNG, 128 GB ,6 GB  
709,Itel Vision 3 ,7490,7949,459,5.77,4.0,260,35,Deep Ocean Black,Itel, 64 GB ,3 GB  
710,LAVA A1 Super 2021,1199,1340,141,10.52,4.1,1597,124,Not Mentioned,LAVA, 24 MB ,32 MB  
711,IQOO Z6 5G ,17499,17499,0,0.0,4.1,183,12,Chromatic Blue,IQOO, 128 GB ,6 GB  
712,Itel Vision2S ,6100,6100,0,0.0,4.0,760,74,Deep Blue,Itel, 32 GB ,2 GB  
713,IQOO Z6 5G ,17499,17499,0,0.0,4.1,183,12,Dynamo Black,IQOO, 128 GB ,6 GB  
714,realme C25Y ,10999,12999,2000,15.39,4.4,136196,5889,Metal Grey,realme, 64 GB ,4 GB  
715,Itel MagicX,2265,2265,0,0.0,4.2,6,0,Not Mentioned,Itel, 128 MB ,48 MB  
716,Infinix Smart HD 2021 ,6499,7999,1500,18.75,4.3,65847,4286,Obsidian Black,Infinix, 32 GB ,2 GB  
717,SAMSUNG M53 5G ,22890,22890,0,0.0,4.4,45,7,Mystique Green,SAMSUNG, 128 GB ,6 GB  
718,SAMSUNG GALAXY M13 5G ,13480,13480,0,0.0,4.0,32,0,Aqua Green,SAMSUNG, 64 GB ,4 GB  
719,LAVA A5,1410,1590,180,11.32,4.1,11814,1127,Not Mentioned,LAVA, 24 MB ,32 MB  
720,SAMSUNG Galaxy A23 ,18999,25490,6491,25.46,4.3,253,21,Blue,SAMSUNG, 128 GB ,8 GB  
721,SAMSUNG Galaxy A53 ,31999,39990,7991,19.98,4.1,800,97,Awesome White,SAMSUNG, 128 GB ,8 GB  
722,SAMSUNG Galaxy M32 5G ,18499,18499,0,0.0,4.2,1148,67,Slate Black,SAMSUNG, 128 GB ,8 GB  
723,APPLE iPhone 12 ,60990,64900,3910,6.02,4.6,183329,12537,Black,APPLE,Not Mentioned,128 GB 
724,OPPO Reno7 5G ,28999,37990,8991,23.67,4.2,15171,1972,Starry Black,OPPO, 256 GB ,8 GB  
725,OPPO Reno7 5G ,28999,37990,8991,23.67,4.2,15171,1972,Startrails Blue,OPPO, 256 GB ,8 GB  
726,REDMI Note 11S ,14990,19990,5000,25.01,4.2,1167,104,Horizon Blue,REDMI, 64 GB ,6 GB  
727,REDMI Note 11S ,15358,17645,2287,12.96,4.2,1167,104,Polar White,REDMI, 128 GB ,6 GB  
728,REDMI Note 11S ,16399,16399,0,0.0,4.2,1167,104,Horizon Blue,REDMI, 128 GB ,6 GB  
729,OPPO A15s ,12990,13990,1000,7.15,4.4,5011,274,Dynamic Black,OPPO, 64 GB ,4 GB  
730,REDMI Note 11S ,16490,19450,2960,15.22,4.2,1167,104,Polar White,REDMI, 64 GB ,6 GB  
731,Nokia 8210 4G,4068,4068,0,0.0,5.0,3,0,Not Mentioned,Nokia, 128 MB ,4 MB  
732,realme 8 5G ,16499,16999,500,2.94,4.3,75072,6003,Supersonic Blue,realme, 128 GB ,4 GB  
733,Itel Vision 3 ,7485,7485,0,0.0,4.0,262,36,Jewel Blue,Itel, 64 GB ,3 GB  
734,Cellecor X30+,1849,1849,0,0.0,3.5,6,2,Not Mentioned,Cellecor, 32 MB ,32 MB  
735,Tecno Spark 8 Pro ,11190,11194,4,0.04,4.2,98,9,Turquoise Cyan,Tecno, 64 GB ,4 GB  
736,realme C21 ,10999,10999,0,0.0,4.4,145572,7078,Cross Black,realme, 64 GB ,4 GB  
737,OPPO Reno8 Pro 5G ,45999,52999,7000,13.21,4.4,1287,187,Glazed Black,OPPO, 256 GB ,12 GB  
738,OPPO A54 ,15990,17990,2000,11.12,4.3,3782,215,Crystal Black,OPPO, 128 GB ,6 GB  
739,REDMI 9 Prime ,11490,11490,0,0.0,4.4,225079,15235,Mint Green,REDMI, 64 GB ,4 GB  
740,APPLE iPhone 13 Mini ,68990,74900,5910,7.89,4.5,2477,217,Starlight,APPLE,Not Mentioned,256 GB 
741,POCO M3 Pro 5G ,16499,17999,1500,8.33,4.2,50241,4293,Yellow,POCO, 128 GB ,6 GB  
742,Motorola a10,1599,1599,0,0.0,4.1,3671,455,Not Mentioned,Motorola,Not Mentioned,0 MB 
743,Kechaoda A2,1299,1299,0,0.0,0.0,0,0,Not Mentioned,Kechaoda, 64 MB ,32 MB  
744,realme 7 Pro ,19999,20999,1000,4.76,4.4,95201,9611,Mirror Silver,realme, 128 GB ,6 GB  
745,MOTOROLA e32s ,9999,12999,3000,23.08,3.9,1016,129,Slate Gray,MOTOROLA, 64 GB ,4 GB  
746,REDMI 9 Power ,13990,13990,0,0.0,4.3,239791,17003,Blazing Blue,REDMI, 128 GB ,4 GB  
747,realme C21Y ,9499,9999,500,5.0,4.6,87491,3005,Cross Blue,realme, 32 GB ,3 GB  
748,REDMI Note 10S ,14999,18999,4000,21.05,4.4,75498,5107,Frost White,REDMI, 128 GB ,6 GB  
749,APPLE iPhone 14 ,79900,79900,0,0.0,4.6,191,9,Midnight,APPLE,Not Mentioned,128 GB 
750,Nokia 6310,3499,3499,0,0.0,3.9,1831,159,Not Mentioned,Nokia, 16 MB ,8 MB  
751,Tecno Camon 16 ,13999,13999,0,0.0,4.3,10401,908,Purist Blue,Tecno, 64 GB ,4 GB  
752,SAMSUNG Galaxy A53 ,31999,39990,7991,19.98,4.1,800,97,Awesome Peach,SAMSUNG, 128 GB ,8 GB  
753,realme C25s ,11999,11999,0,0.0,4.4,50016,2898,Watery Blue,realme, 128 GB ,4 GB  
754,Kechaoda K10,1130,1130,0,0.0,3.9,13441,902,Not Mentioned,Kechaoda, 32 MB ,32 MB  
755,Tecno Spark 8C ,8500,8500,0,0.0,4.2,368,27,Turquoise Cyan,Tecno, 64 GB ,3 GB  
756,Tecno Pova 3 ,12995,12995,0,0.0,4.2,24,0,Tech Silver,Tecno, 64 GB ,4 GB  
757,IQOO Z6 Pro 5G ,23488,23488,0,0.0,4.2,53,4,Phantom Dusk,IQOO, 128 GB ,6 GB  
758,APPLE iPhone 14 Plus ,89900,89900,0,0.0,0.0,0,0,Blue,APPLE,Not Mentioned,128 GB 
759,REDMI Note 9 ,11856,12964,1108,8.55,4.3,122433,9400,Scarlet Red,REDMI, 64 GB ,4 GB  
760,Micromax X743,1399,1399,0,0.0,3.7,129,6,Not Mentioned,Micromax, 32 MB ,32 MB  
761,Maplin S10 Plus ,11999,11999,0,0.0,0.0,0,0,Royal Blue,Maplin, 128 GB ,4 GB  
762,realme C25Y ,10999,12999,2000,15.39,4.4,136196,5889,Glacier Blue,realme, 64 GB ,4 GB  
763,realme C25_Y ,11999,13999,2000,14.29,4.5,43027,2102,Metal Grey,realme, 128 GB ,4 GB  
764,APPLE iPhone 14 ,89900,89900,0,0.0,4.6,191,9,Starlight,APPLE,Not Mentioned,256 GB 
765,SAMSUNG Galaxy M32 5G ,21999,21999,0,0.0,4.2,1148,67,Slate Black,SAMSUNG, 128 GB ,8 GB  
766,realme 8 ,17999,18999,1000,5.26,4.4,94346,8342,Cyber Black,realme, 128 GB ,8 GB  
767,Energizer M1,799,799,0,0.0,3.5,348,26,Not Mentioned,Energizer, 32 MB ,32 MB  
768,Kechaoda K115 PRO,1249,1249,0,0.0,4.2,34,3,Not Mentioned,Kechaoda, 32 MB ,32 MB  
769,Kechaoda K115 PRO,1199,1199,0,0.0,4.2,34,3,Not Mentioned,Kechaoda, 32 MB ,32 MB  
770,APPLE iPhone 13 Pro Max ,139900,139900,0,0.0,4.6,1482,152,Alpine Green,APPLE,Not Mentioned,256 GB 
771,GREENBERRI F1,1399,1499,100,6.67,3.9,1224,88,Not Mentioned,GREENBERRI, 64 MB ,64 MB  
772,GFive C3 Green,1099,1099,0,0.0,4.0,84,5,Not Mentioned,GFive, 32 MB ,32 MB  
773,realme Narzo 50i ,7999,9999,2000,20.0,4.3,59493,3358,Mint Green,realme, 64 GB ,4 GB  
774,realme GT 2 Pro ,52699,66999,14300,21.34,4.4,430,77,Steel Black,realme, 256 GB ,12 GB  
775,SAMSUNG Guru Music 2,2349,2349,0,0.0,4.3,191639,18006,Not Mentioned,SAMSUNG,Not Mentioned,0 MB 
776,APPLE iPhone 14 Plus ,89900,89900,0,0.0,0.0,0,0,Purple,APPLE,Not Mentioned,128 GB 
777,Kechaoda K10,1119,1190,71,5.97,3.9,13407,899,Not Mentioned,Kechaoda, 32 MB ,32 MB  
778,APPLE iPhone 12 Mini ,48990,64900,15910,24.51,4.5,109424,8752,Red,APPLE,Not Mentioned,128 GB 
779,OPPO F21s Pro 5G ,25989,25989,0,0.0,0.0,0,0,Starlight Black,OPPO, 128 GB ,8 GB  
780,vivo Y31 ,20490,20490,0,0.0,4.4,8535,601,Racing Black,vivo, 128 GB ,6 GB  
781,realme C25s ,11999,11999,0,0.0,4.4,49987,2898,Watery Grey,realme, 128 GB ,4 GB  
782,SAMSUNG Galaxy M12 ,13489,13489,0,0.0,4.2,7203,531,Blue,SAMSUNG, 128 GB ,6 GB  
783,REDMI 9 Prime ,13990,13999,9,0.06,4.4,225079,15235,Sunrise Flare,REDMI, 128 GB ,4 GB  
784,vivo Y33s ,17989,17990,1,0.01,4.3,11908,1088,Mirror Black,vivo, 128 GB ,8 GB  
785,SAMSUNG Galaxy M33 5G ,19999,19999,0,0.0,4.3,119,8,Emarld Brown,SAMSUNG, 128 GB ,8 GB  
786,vivo Y15c ,10240,10989,749,6.82,4.1,711,52,Mystic Blue,vivo, 32 GB ,3 GB  
787,OnePlus 10R 5G ,37949,37949,0,0.0,4.4,820,76,Forest Green,OnePlus, 128 GB ,8 GB  
788,Redmi Note 11 ,18499,18499,0,0.0,4.2,6373,539,Starburst White,Redmi, 64 GB ,6 GB  
789,Salora Coral,899,899,0,0.0,3.8,438,45,Not Mentioned,Salora, 32 MB ,32 MB  
790,vivo Y33T ,18888,18888,0,0.0,4.3,2136,150,Starry Gold,vivo, 128 GB ,8 GB  
791,OnePlus 10R 5G ,37949,37949,0,0.0,4.4,858,78,Forest Green,OnePlus, 128 GB ,8 GB  
792,realme GT 2 Pro ,44899,57999,13100,22.59,4.2,1883,293,Steel Black,realme, 128 GB ,8 GB  
793,KARBONN K31 Star,1299,1299,0,0.0,3.9,31,1,Not Mentioned,KARBONN, 32 MB ,35 MB  
794,APPLE iPhone SE ,34990,44900,9910,22.07,4.5,153080,12024,Black,APPLE,Not Mentioned,128 GB 
795,POCO F3 GT 5G ,28999,34999,6000,17.14,4.3,14541,1904,Gunmetal Silver,POCO, 128 GB ,8 GB  
796,Good One Magic,1450,1499,49,3.27,4.0,3662,286,Not Mentioned,Good, 32 MB ,32 MB  
797,Good One Magic,1499,1499,0,0.0,4.0,3662,286,Not Mentioned,Good, 32 MB ,32 MB  
798,OPPO F21S PRO ,22989,22989,0,0.0,3.8,5,1,Dawnlight Gold,OPPO, 128 GB ,8 GB  
799,LAVA A5,1590,1590,0,0.0,4.1,11814,1127,Not Mentioned,LAVA, 24 MB ,32 MB  
800,realme C21 ,9999,9999,0,0.0,4.4,71122,3892,Cross Blue,realme, 32 GB ,3 GB  
801,SAMSUNG Galaxy M12 ,13215,13215,0,0.0,4.2,7261,535,Black,SAMSUNG, 128 GB ,6 GB  
802,MOTOROLA Edge 20 5G ,27999,34999,7000,20.0,4.1,8649,1279,Frosted Onyx,MOTOROLA, 128 GB ,8 GB  
803,SAMSUNG Galaxy A12 ,14970,15490,520,3.36,4.1,1213,93,Black,SAMSUNG, 128 GB ,6 GB  
804,SAMSUNG Galaxy M42 ,23449,25900,2451,9.46,4.3,334,25,Prism Dot Gray,SAMSUNG, 128 GB ,8 GB  
805,Kechaoda K55 Pro,1299,1299,0,0.0,3.9,358,25,Not Mentioned,Kechaoda, 64 MB ,32 MB  
806,realme C25s ,11999,11999,0,0.0,4.4,50016,2898,Watery Grey,realme, 128 GB ,4 GB  
807,Kechaoda K55 Pro,1220,1220,0,0.0,3.9,358,25,Not Mentioned,Kechaoda, 64 MB ,32 MB  
808,Itel it2163S,999,999,0,0.0,4.0,238,25,Not Mentioned,Itel, 4 MB ,4 MB  
809,IQOO Z6 Pro 5G ,23900,23900,0,0.0,4.2,98,3,Phantom Dusk,IQOO, 128 GB ,8 GB  
810,Kechaoda K33,1139,1139,0,0.0,4.0,7835,528,Not Mentioned,Kechaoda, 32 MB ,32 MB  
811,Kechaoda K33,1145,1199,54,4.5,4.0,7835,528,Not Mentioned,Kechaoda, 32 MB ,32 MB  
812,Tecno Pova 3 ,14999,14999,0,0.0,3.8,46,2,Eco Black,Tecno, 128 GB ,6 GB  
813,Lava Pulse1- with contactless Talking Thermometer,2200,2200,0,0.0,4.1,423,42,Not Mentioned,Lava, 32 MB ,32 MB  
814,BlackZone PORSCHE 911,1449,1449,0,0.0,3.8,356,18,Not Mentioned,BlackZone, 64 MB ,64 MB  
815,APPLE iPhone 14 Plus ,99900,99900,0,0.0,0.0,0,0,Purple,APPLE,Not Mentioned,256 GB 
816,Nokia 3310 DS 2020,4399,4399,0,0.0,3.9,34879,3559,Not Mentioned,Nokia,Not Mentioned,16 MB 
817,Itel Magic3 Smart Touch Keypad,1798,2099,301,14.34,4.1,475,45,Not Mentioned,Itel, 8 MB ,8 MB  
818,APPLE iPhone 14 ,89900,89900,0,0.0,4.6,191,9,Blue,APPLE,Not Mentioned,256 GB 
819,realme C25_Y ,10999,12999,2000,15.39,4.5,43027,2102,Metal Grey,realme, 64 GB ,4 GB  
820,Micromax x416,1090,1090,0,0.0,0.0,0,0,black +blue),Micromax, 32 MB ,32 MB  
821,SAMSUNG S20FE 5G ,49999,49999,0,0.0,0.0,0,0,Cloud Lavender,SAMSUNG, 128 GB ,8 GB  
822,vivo Y73 ,19990,24990,5000,20.01,4.4,9712,871,Roman Black,vivo, 128 GB ,8 GB  
823,REDMI Note 11 Pro ,21399,21399,0,0.0,4.2,462,36,Stealth Black,REDMI, 128 GB ,8 GB  
824,REDMI Note 11 Pro ,20999,20999,0,0.0,4.2,462,36,Phantom White,REDMI, 128 GB ,8 GB  
825,GREENBERRI GB 312,799,899,100,11.12,3.8,620,126,Not Mentioned,GREENBERRI, 32 MB ,64 MB  
826,Itel IT2163,1095,1095,0,0.0,4.1,12054,1016,Not Mentioned,Itel, 4 MB ,4 MB  
827,"IAIR Basic Feature Dual Sim Mobile Phone with 2800mAh Battery, 1.77 inch Display Screen, 0.8 mp Camera...",1275,1275,0,0.0,3.6,77,23,Not Mentioned,IAIR, 32 MB ,32 MB  
828,vivo Y75 5G ,21990,25990,4000,15.39,4.3,942,79,Glowing Galaxy,vivo, 128 GB ,8 GB  
829,vivo Y75 5G ,21990,25990,4000,15.39,4.3,942,79,Starlight Black,vivo, 128 GB ,8 GB  
830,Cellecor E8,1459,1459,0,0.0,3.8,5,0,Not Mentioned,Cellecor, 32 MB ,32 MB  
